name,price
Smartphone Xiaomi 1005239,267.39
Smartphone Samsung 1004873,350.05
Smartphone Xiaomi 1005102,429.48
Smartphone Xiaomi 1005239,259.59
Smartphone Apple 1005115,928.45
Smartphone Apple 1005104,969.39
Smartphone Samsung 1004863,168.69
Smartphone Apple 1002633,378.39
Smartphone Xiaomi 1005158,283.66
Smartphone Apple 1005115,916.37
Smartphone Apple 1005121,952.59
Smartphone Xiaomi 1005203,108.62
Smartphone Oppo 1004887,128.67
Smartphone Samsung 1005177,900.64
Smartphone Xiaomi 1005166,280.05
Smartphone Xiaomi 1005007,93.73
Smartphone Apple 1005122,1022.9
Smartphone Apple 1002524,531.26
Smartphone Xiaomi 1003176,434.16
Smartphone Oppo 1005236,231.41
Refrigerators Midea 2702556,771.45
Refrigerators Midea 2702480,115.06
Refrigerators Atlantic 2800048,175.55
Refrigerators Kristal 2800043,327.13
Refrigerators Bosch 2701659,437.25
Refrigerators Lg 2701414,1621.64
Refrigerators Samsung 2700978,545.44
Refrigerators Midea 2702580,772.19
Refrigerators Midea 2702580,772.19
Refrigerators Indesit 2700614,383.54
Refrigerators Indesit 2701648,279.3
Refrigerators Atlantic 2800048,175.55
Refrigerators Bosch 2702263,540.3
Refrigerators Lg 2702277,454.55
Refrigerators Samsung 2701305,553.4
Refrigerators Atlant 2800614,211.05
Refrigerators Midea 2800677,213.39
Refrigerators Midea 2800624,257.38
Refrigerators Arg 2702628,175.01
Refrigerators Dauscher 2702443,411.34
Tv Horizont 1802136,236.04
Tv Kivi 1801860,192.8
Tv Samsung 1801849,668.97
Tv Haier 1801513,566.27
Tv Artel 1801631,333.26
Tv Haier 1801960,334.6
Tv Samsung 1801911,975.57
Tv Lg 1801968,538.19
Tv Sony 1801949,612.6
Tv Samsung 1802009,720.48
Tv Artel 1801766,154.19
Tv Shivaki 100014625,418.29
Tv Lg 1801784,519.7
Tv Lg 1802023,537.72
Tv Samsung 1801881,488.82
Tv Lg 1801544,664.08
Tv Changhong 1801771,166.54
Tv Lg 1802008,681.87
Tv Lg 1801539,437.08
Tv Sony 1801658,2574.04
Headphone Jbl 100004659,102.94
Headphone Apple 4804055,197.92
Headphone Jbl 4804443,180.16
Headphone Jbl 4802593,25.46
Headphone Apple 4804718,329.4
Headphone Apple 4804055,205.4
Headphone Huawei 4803585,115.55
Headphone Xiaomi 4804295,33.21
Headphone Apple 4804056,167.06
Headphone Samsung 4803761,38.59
Headphone Apple 4804055,188.86
Headphone Sven 4803775,20.57
Headphone Apple 4804718,329.17
Headphone Xiaomi 4802385,64.09
Headphone Apple 4804056,169.35
Headphone Xiaomi 4801451,38.59
Headphone Apple 4804718,349.06
Headphone Sennheiser 4804394,97.56
Headphone Apple 4804056,169.35
Headphone Apple 4804056,169.37
Vacuum Dyson 3701346,386.08
Vacuum Samsung 3700748,110.43
Vacuum Bosch 3701163,270.25
Vacuum Karcher 3700907,121.52
Vacuum Redmond 3701226,149.27
Vacuum Vitek 3700605,54.0
Vacuum Vitek 3701094,77.17
Vacuum Gorenje 3701062,90.07
Vacuum Bosch 3701568,396.38
Vacuum Gorenje 3701062,90.07
Vacuum Tefal 3701141,282.89
Vacuum Thomas 3700580,334.6
Vacuum Samsung 3700771,102.16
Vacuum Elenberg 3701284,25.71
Vacuum Thomas 3700666,256.72
Vacuum Samsung 3700278,69.47
Vacuum Tefal 3701014,77.2
Vacuum Tefal 3701016,123.53
Vacuum Thomas 3701577,308.86
Vacuum Xiaomi 3700779,295.76
Notebook Lenovo 1307229,874.93
Notebook Lenovo 1307545,256.84
Notebook Lenovo 1307279,411.59
Notebook Lenovo 100002263,437.33
Notebook Lenovo 1307301,475.81
Notebook Hp 100023426,720.48
Notebook Asus 100003600,849.42
Notebook Deepcool 45500009,9.24
Notebook Acer 1307350,514.27
Notebook Asus 1307341,617.75
Notebook Lenovo 1307067,261.55
Notebook Acer 1307073,720.71
Notebook Asus 1307523,1286.98
Notebook Hp 1307116,463.07
Notebook Lenovo 1307589,257.15
Notebook Lenovo 1306830,669.23
Notebook Acer 1307140,334.6
Notebook Lenovo 1307406,566.27
Notebook Asus 1307075,720.48
Notebook Prestigio 1306686,257.38
Clocks Apple 5100351,326.88
Clocks Samsung 5100563,279.29
Clocks Apple 5100566,453.77
Clocks Xiaomi 5100376,68.73
Clocks Casio 21401546,2075.73
Clocks Honor 5100742,154.42
Clocks Apple 5100855,545.14
Clocks Apple 5100853,524.88
Clocks Apple 5100852,519.44
Clocks Apple 5100854,565.73
Clocks Apple 5100853,524.85
Clocks Apple 5100566,453.76
Clocks Samsung 5100861,368.99
Clocks Wonlex 5100263,38.59
Clocks Samsung 5100861,368.99
Clocks Casio 21401325,30.89
Clocks Wonlex 5100266,42.47
Clocks Samsung 5100718,154.16
Clocks Garmin 5100350,463.31
Clocks Apple 5100855,545.14
Shoes Burgerschuhe 28720773,115.06
Shoes Respect 28722397,68.21
Shoes Respect 28722316,89.84
Shoes Respect 28720716,79.02
Shoes Greyder 100009546,120.98
Shoes Baden 28719422,62.81
Shoes Rooman 28715842,41.19
Shoes Rieker 28718630,85.46
Shoes Greyder 28722068,115.83
Shoes Etor 28715960,100.39
Shoes Agatharuizdelaprada 100005408,50.19
Shoes Salomon 20700126,326.65
Shoes Rieker 28719275,73.36
Shoes Strobbs 28718459,53.8
Shoes Baden 28718056,97.04
Shoes Fly 28720760,89.58
Shoes Baden 28716612,79.02
Shoes Respect 28716667,89.84
Shoes Respect 28722413,61.01
Shoes Respect 28720715,79.02
Mixer Saturn 10900009,30.63
Mixer Scarlett 10900055,10.01
Mixer Zelmer 10900310,45.02
Mixer Gorenje 10900329,47.34
Mixer Kitfort 10900349,112.19
Mixer Ariete 10900390,307.39
Mixer Dauscher 10900328,12.84
Mixer Kitchenaid 10900400,1069.01
Mixer Redmond 10900355,37.3
Mixer Polaris 10900096,33.44
Mixer Dauscher 10900342,11.3
Mixer Gorenje 10900330,41.16
Mixer Scarlett 10900055,12.84
Mixer Smeg 10900214,558.03
Mixer Bosch 10900129,37.58
Mixer Zelmer 10900315,43.24
Mixer Bosch 10900029,57.17
Mixer Panasonic 10900026,43.01
Mixer Gorenje 10900330,41.16
Mixer Ariete 10900390,285.17
Kettle Dauscher 6301984,10.27
Kettle Willmark 6301937,10.62
Kettle Polaris 6300757,26.23
Kettle Willmark 6301461,33.44
Kettle Tefal 36000087,33.44
Kettle Redmond 6300680,32.95
Kettle Tefal 6300125,51.46
Kettle Maxima 6300260,23.14
Kettle Redmond 6300680,28.29
Kettle Elenberg 6301352,30.86
Kettle Galaxy 6301571,43.76
Kettle Braun 6800225,48.88
Kettle Dauscher 6301980,14.13
Kettle Willmark 6301402,7.7
Kettle Lumme 6301833,26.13
Kettle Bene 6301433,59.21
Kettle Bosch 6800229,107.34
Kettle Maxwell 6301657,11.58
Kettle Vitek 6300773,32.18
Kettle Polaris 6300887,23.14
Player Jvc 5700814,97.81
Player Pioneer 5700756,64.35
Player Kenwood 5701084,127.41
Player Jvc 5701117,57.92
Player Pioneer 5701127,231.41
Player Pioneer 5701107,177.6
Player Pioneer 5701134,90.09
Player Pioneer 5700125,200.78
Player Pioneer 5701002,56.37
Player Pioneer 5701062,203.68
Player Kenwood 5700863,106.82
Player Kenwood 5700765,61.78
Player Swat 5700980,29.6
Player Alpine 5700981,952.15
Player Nakamichi 5701197,78.2
Player Imx 5701193,299.93
Player Pioneer 5701002,60.66
Player Clarion 5700414,55.34
Player Jvc 5701173,84.94
Player Pioneer 5701244,154.44
Keds Nike 28721794,102.71
Keds Strobbs 28718455,64.61
Keds Respect 28716964,88.03
Keds Asics 28704388,51.48
Keds Adidas 28721725,128.45
Keds Tamaris 28718303,77.22
Keds Nike 28721801,102.71
Keds Jordan 45600174,72.05
Keds Fassen 28719634,44.79
Keds Strobbs 28718450,64.61
Keds Strobbs 28718449,64.61
Keds Baden 28715131,42.99
Keds Fila 28721808,107.93
Keds Strobbs 28717030,48.39
Keds Escan 28717139,53.8
Keds Adidas 28714593,74.65
Keds Strobbs 28718453,64.61
Keds Nexpero 28718927,79.02
Keds Fila 28716000,97.79
Keds Converse 28715993,51.46
Tablet Lenovo 1201343,190.99
Tablet Microsoft 1201432,1003.63
Tablet Samsung 1201504,149.61
Tablet Prestigio 1201247,51.2
Tablet Samsung 1201472,460.84
Tablet Samsung 1201472,460.84
Tablet Prestigio 1201495,84.92
Tablet Samsung 1200617,141.55
Tablet Wacom 18500019,128.45
Tablet Samsung 1200947,102.65
Tablet Samsung 1200947,110.61
Tablet Apple 1201391,1569.92
Tablet Apple 1201297,360.09
Tablet Apple 1201396,1235.3
Tablet Samsung 1201465,233.64
Tablet Samsung 1200620,141.55
Tablet Huawei 1201411,385.83
Tablet Samsung 1201472,475.51
Tablet Apple 1201390,1883.05
Tablet Nexttab 1201413,47.71
Bed Bambini 7101606,86.03
Bed Brw 13201121,148.27
Bed Sv 13200026,100.36
Bed Brw 13201121,148.27
Bed Brw 13200208,177.87
Bed Sv 13200011,128.45
Bed Domini 13201023,368.09
Bed Komfort-s 13201383,353.14
Bed Brw 13201051,108.11
Bed Sv 13200026,100.36
Bed Bts 13200702,152.62
Bed Vegas 13200619,418.52
Bed Domini 13200338,141.57
Bed Chicco 7101836,154.42
Bed Stendmebel 13201315,161.91
Bed Rajton 100008726,398.98
Bed Bts 13200667,175.01
Bed Brw 13200247,159.85
Bed Incanto 7101172,144.12
Bed Incanto 7101297,180.16
Washer Indesit 3600760,190.46
Washer Lg 3601437,380.96
Washer Lg 3601244,415.9
Washer Indesit 3600951,202.04
Washer Lg 3601553,519.0
Washer Lg 3601212,398.93
Washer Lg 3601448,434.22
Washer Haier 3601125,334.6
Washer Beko 3600687,331.97
Washer Lg 3601448,434.22
Washer Artel 3601089,83.63
Washer Candy 3601423,236.8
Washer Samsung 3600937,334.6
Washer Samsung 3601331,317.9
Washer Samsung 3600661,306.05
Washer Lg 3601605,344.67
Washer Dauscher 3601459,316.1
Washer Shivaki 3601171,61.01
Washer Samsung 3601527,386.08
Washer Samsung 3600937,334.6
Iron Braun 3800545,254.81
Iron Philips 3800808,74.62
Iron Philips 3801063,97.79
Iron Maxwell 3800490,15.16
Iron Tefal 3801058,180.14
Iron Vitek 3800548,28.29
Iron Philips 3801416,94.96
Iron Braun 3801157,45.28
Iron Vitek 3800310,38.35
Iron Vitek 3800310,38.35
Iron Tefal 3801058,180.14
Iron Redmond 3800751,28.29
Iron Scarlett 3801293,28.29
Iron Tefal 3800979,61.75
Iron Tefal 3801144,180.16
Iron Philips 3800762,321.73
Iron Bosch 3800653,275.17
Iron Tefal 3800979,71.79
Iron Bosch 3800106,125.85
Iron Tefal 3800614,51.46
Cabinet Stendmebel 14701918,166.77
Cabinet Satura 14702003,299.36
Cabinet Stendmebel 100003663,430.87
Cabinet Sv 14700648,537.47
Cabinet Bts 14701292,128.68
Cabinet Brw 42300033,113.0
Cabinet Stendmebel 14701980,177.84
Cabinet Ikea 100004384,210.32
Cabinet Sv 42300004,284.43
Cabinet Brw 14700311,293.44
Cabinet Sv 14701446,437.33
Cabinet Brw 14700024,316.1
Cabinet Bts 14701292,128.68
Cabinet Brw 14700331,373.24
Cabinet Brw 42300033,113.0
Cabinet Brw 14700018,592.04
Cabinet Ikea 100004693,344.69
Cabinet Brw 14701559,543.39
Cabinet Brw 14701421,101.93
Cabinet Ikea 100004817,303.8
Oven Artel 2502012,52.74
Oven Beko 2501301,223.84
Oven Beko 2501301,187.62
Oven Asel 2501557,62.01
Oven Bosch 2501446,478.98
Oven Asel 2501453,96.6
Oven Gefest 2501866,287.5
Oven Gefest 2500825,398.21
Oven Bbk 2501672,95.21
Oven Elenberg 2501799,46.31
Oven Bosch 2501575,476.18
Oven Redmond 2501614,141.55
Oven Dauscher 2502072,255.35
Oven Asel 2500566,65.59
Oven Gorenje 2501856,308.86
Oven Bosch 2500289,347.21
Oven Midea 2501198,218.59
Oven Oursson 2501782,126.1
Oven Beko 2500853,301.09
Oven Artel 2501143,36.01
Toys Orange 9002411,8.31
Toys Playlab 8900969,15.06
Toys Gulliver 8902197,21.24
Toys Hb 10400619,36.01
Toys Fancy 9001912,15.73
Toys Hb 10400618,36.01
Toys Fisher-price 8902622,58.05
Toys Disney 9002778,10.35
Toys Rastar 10400601,53.8
Toys Chicco 8901420,38.61
Toys Silverlit 10400068,20.43
Toys Hb 10400640,30.86
Toys Steppuzzle 8902753,35.78
Toys Hasbro 9003007,39.74
Toys Chicco 8900241,38.59
Toys Yh 10400073,87.49
Toys Bestoy 9002781,46.33
Toys Parrot 10400120,180.16
Toys Steppuzzle 8902753,35.78
Toys Gulliver 9002672,22.48
Subwoofer Element 5801656,131.25
Subwoofer Jbl 5800868,72.07
Subwoofer Infinity 5801158,108.11
Subwoofer Alphard 5801719,70.79
Subwoofer Hertz 5800116,90.98
Subwoofer Avatar 5801633,47.88
Subwoofer Alpine 5800568,164.74
Subwoofer Pioneer 5801483,58.69
Subwoofer Pride 5801658,74.62
Subwoofer Kenwood 5800155,69.5
Subwoofer Sonda 5800704,30.89
Subwoofer Morel 5800286,66.93
Subwoofer Element 5801655,115.81
Subwoofer Pride 5801423,486.5
Subwoofer Hertz 5801052,68.11
Subwoofer Pioneer 5800008,61.78
Subwoofer Alphard 5801486,118.4
Subwoofer Alphard 5801376,102.96
Subwoofer Jvc 5800191,21.88
Subwoofer Blam 5801748,1876.5
Chair Selby 7900440,43.73
Chair Sheffilton 16700787,21.16
Chair Joie 7900918,102.71
Chair Domini 16700623,48.91
Chair Stolline 16700352,128.7
Chair Domini 16700072,72.07
Chair Peg-perego 7900937,303.23
Chair Zeta 16700845,16.96
Chair Pituso 7900649,110.68
Chair Peg-perego 7900938,168.6
Chair Peg-perego 7900884,280.29
Chair Babys 7900164,43.73
Chair Joie 7900918,102.71
Chair Barneo 16700466,36.29
Chair Signal 16700935,107.32
Chair Domini 16700793,36.04
Chair Sv 16700000,39.38
Chair Selby 7900440,43.73
Chair Stryj 16701029,59.18
Chair Shenma 7901064,56.63
Juicer Braun 4900015,168.34
Juicer Bosch 4900087,155.96
Juicer Dauscher 4900420,33.44
Juicer Philips 4900018,110.66
Juicer Polaris 4900204,66.59
Juicer Philips 4900018,90.07
Juicer Galaxy 4900389,64.33
Juicer Scarlett 4900383,111.97
Juicer Polaris 4900306,65.1
Juicer Bosch 4900088,128.68
Juicer Kitfort 4900414,168.7
Juicer Polaris 4900204,66.59
Juicer Moulinex 4900004,102.94
Juicer Scarlett 4900137,89.79
Juicer Philips 4900216,334.63
Juicer Kenwood 4900270,270.25
Juicer Redmond 4900384,131.25
Juicer Bosch 4900396,101.39
Juicer Scarlett 4900408,56.37
Juicer Scarlett 4900398,47.8
Hair_cutter Braun 8700219,52.74
Hair_cutter Philips 8700430,28.29
Hair_cutter Panasonic 8700090,69.47
Hair_cutter Scarlett 8700440,15.41
Hair_cutter Polaris 8700563,24.61
Hair_cutter Vitek 8700269,20.57
Hair_cutter Scarlett 8700440,15.41
Hair_cutter Vitek 8700064,14.69
Hair_cutter Babyliss 8700414,61.75
Hair_cutter Polaris 8700154,11.53
Hair_cutter Wahl 8700501,86.18
Hair_cutter Philips 8700320,48.88
Hair_cutter Elenberg 8700229,7.7
Hair_cutter Bene 8700139,12.17
Hair_cutter Moser 8700474,109.66
Hair_cutter Galaxy 8700422,3.35
Hair_cutter Philips 8700352,71.02
Hair_cutter Braun 8700218,28.29
Hair_cutter Elenberg 8700289,23.14
Hair_cutter Elenberg 8700289,23.14
Blender Polaris 3100491,34.98
Blender Smeg 3100484,283.35
Blender Panasonic 3100117,48.39
Blender Scarlett 3100347,16.71
Blender Redmond 3100500,58.95
Blender Redmond 3100500,56.22
Blender Redmond 3100593,51.46
Blender Vitek 3100871,28.06
Blender Braun 3100074,74.62
Blender Redmond 3100640,51.43
Blender Braun 3100439,102.94
Blender Braun 3100105,120.72
Blender Redmond 3100640,51.43
Blender Braun 3100439,128.68
Blender Redmond 3100970,51.46
Blender Smeg 3100787,169.35
Blender Redmond 3100640,51.46
Blender Vitek 3100871,28.06
Blender Polaris 3100491,36.01
Blender Maxwell 3100268,23.14
Desktop Zeta 17800342,66.9
Desktop Acer 1480422,308.86
Desktop Pulser 1480445,316.35
Desktop Aerocool 17800168,185.33
Desktop Netechnics 1480555,527.66
Desktop Pulser 1480706,530.23
Desktop Lenovo 1480762,1775.02
Desktop Netechnics 1480558,1093.95
Desktop Zeta 17800715,33.44
Desktop Acer 1480429,244.25
Desktop Pulser 1480747,779.92
Desktop Zeta 17800692,149.27
Desktop Acer 1480492,2571.24
Desktop Pulser 100010110,314.01
Desktop Microlab 11600160,22.2
Desktop Zeta 17800272,95.09
Desktop Acer 1480647,360.11
Desktop Defender 11600344,18.56
Desktop Pulser 1480787,517.36
Desktop Netechnics 1480558,1055.34
Dishwasher Hansa 4600483,286.41
Dishwasher Hansa 4600483,308.6
Dishwasher Bosch 4600416,630.62
Dishwasher Beko 4600541,293.64
Dishwasher Indesit 4600626,302.17
Dishwasher Bosch 4600386,449.92
Dishwasher Candy 4600690,517.36
Dishwasher Bosch 4600007,529.09
Dishwasher Hansa 4600469,334.32
Dishwasher Hansa 4600483,308.61
Dishwasher Bosch 4600007,555.74
Dishwasher Bosch 4600245,535.15
Dishwasher Bosch 4600007,555.71
Dishwasher Indesit 4600701,390.72
Dishwasher Bosch 4600545,563.7
Dishwasher Hansa 4600469,298.34
Dishwasher Midea 4600299,333.86
Dishwasher Dauscher 4600712,269.51
Dishwasher Bosch 4600445,435.78
Dishwasher Hansa 4600483,308.61
Videoregister Xiaomi 4700589,70.27
Videoregister Ibox 4700380,141.32
Videoregister Ritmix 4700728,21.39
Videoregister Navitel 4700468,102.05
Videoregister Sho-me 4700392,190.2
Videoregister Sho-me 4700478,140.06
Videoregister Xiaomi 4700589,70.27
Videoregister Neoline 4700409,220.06
Videoregister Ibox 4700380,140.93
Videoregister Swat 4700738,41.19
Videoregister Incar 4700596,128.7
Videoregister Playme 4700693,221.34
Videoregister Ibox 4700680,63.06
Videoregister Sho-me 4700478,140.2
Videoregister Xiaomi 4700476,48.65
Videoregister Sho-me 4700419,141.82
Videoregister Sho-me 4700590,144.11
Videoregister Ibox 4700380,140.8
Videoregister Subini 4700581,79.8
Videoregister Stonelock 4700706,185.33
Microwave Samsung 2900512,151.66
Microwave Electrolux 2900943,393.81
Microwave Gorenje 2900192,141.52
Microwave Arg 2900958,59.18
Microwave Midea 2900992,64.07
Microwave Lg 2900569,99.33
Microwave Samsung 2900811,195.6
Microwave Samsung 2900513,154.19
Microwave Arg 2900957,61.72
Microwave Samsung 2900022,126.05
Microwave Samsung 2900513,154.19
Microwave Arg 2900957,61.75
Microwave Lg 2900200,90.07
Microwave Lg 2900569,102.71
Microwave Dauscher 2900516,58.95
Microwave Horizont 2900402,77.22
Microwave Samsung 2900090,102.71
Microwave Oursson 2900865,74.62
Microwave Arg 2900954,59.18
Microwave Dauscher 2900516,58.95
Costume Conceptclub 54900041,63.06
Costume Nike 55000027,97.56
Costume Nike 55000027,97.56
Costume Conceptclub 54900039,63.06
Costume Nike 55000025,97.56
Costume Nike 55000006,218.77
Costume Burton 62100032,385.85
Costume Dcshoes 100006684,460.24
Costume Dcshoes 100006352,331.54
Costume Jordan 55000012,190.46
Costume Nike 55000008,111.95
Costume Nike 55000027,97.56
Costume Nike 55000027,97.56
Costume Conceptclub 54900041,63.06
Costume Burton 62100007,385.85
Costume Dcshoes 100006697,349.82
Costume Nike 55000024,76.96
Costume Daneildesch 39700221,141.57
Costume Conceptclub 54900030,63.06
Costume Dcshoes 100006476,331.54
Swing Mastela 45300117,72.07
Swing Joie 45300023,215.96
Swing Joie 45300025,79.02
Swing Joie 45300061,174.78
Swing Babyswing 45300114,80.56
Swing Lorelli 45300091,61.52
Swing Lorelli 45300035,75.94
Swing I-baby 45300092,38.32
Swing Pituso 45300010,62.55
Swing Maribel 45300115,90.09
Swing Pituso 45300029,89.27
Swing Lorelli 45300033,73.36
Swing Joie 45300025,79.02
Swing Babyswing 45300114,82.3
Swing I-baby 45300111,38.57
Swing Fitchbaby 45300109,58.95
Swing Lorelli 45300033,73.36
Swing Joie 45300061,174.78
Swing Joie 45300088,79.02
Swing Babyswing 45300114,82.05
Sewing_machine Janome 5000054,177.1
Sewing_machine Janome 5000575,109.14
Sewing_machine Chayka 5000690,91.89
Sewing_machine Jaguar 5000012,76.96
Sewing_machine Toyota 5000719,463.07
Sewing_machine Brother 5000672,658.94
Sewing_machine Janome 5000024,102.94
Sewing_machine Janome 5000715,1091.38
Sewing_machine Janome 5000619,195.6
Sewing_machine Brother 5000249,90.97
Sewing_machine Janome 5000575,109.14
Sewing_machine Janome 5000122,501.92
Sewing_machine Janome 5000475,172.44
Sewing_machine Bernina 5000674,566.27
Sewing_machine Janome 5000224,111.2
Sewing_machine Janome 5000708,197.95
Sewing_machine Janome 5000475,169.5
Sewing_machine Jaguar 5000134,180.54
Sewing_machine Janome 5000708,205.67
Sewing_machine Janome 5000575,109.14
Ebooks Pocketbook 5200142,187.65
Ebooks Pocketbook 5200135,152.58
Ebooks Pocketbook 5200136,120.65
Ebooks Pocketbook 5200135,162.14
Ebooks Pocketbook 5200132,161.91
Ebooks Amazon 5200150,151.94
Ebooks Pocketbook 5200132,161.91
Ebooks Amazon 5200111,408.31
Ebooks Pocketbook 5200142,187.65
Ebooks Pocketbook 5200146,254.81
Ebooks Pocketbook 5200131,123.3
Ebooks Pocketbook 5200096,102.7
Ebooks Pocketbook 5200128,254.57
Ebooks Ritmix 5200130,72.02
Ebooks Pocketbook 5200135,151.67
Ebooks Pocketbook 5200102,102.94
Ebooks Pocketbook 5200006,102.67
Ebooks Pocketbook 5200096,102.71
Ebooks Pocketbook 5200096,102.71
Ebooks Pocketbook 5200132,162.14
Table Ersport 43800011,124.82
Table Mebelswow-rn 16800586,121.5
Table Brw 16800004,197.17
Table Barneo 16800515,149.81
Table Brw 16800005,197.17
Table Emer 43800012,398.98
Table Bts 16800038,105.54
Table Bts 16800041,105.54
Table Ersport 43800006,115.81
Table Vista 16800604,205.93
Table Sv 16900103,155.73
Table Bts 16800036,77.74
Table Ersport 43800006,115.81
Table Listvig 16800535,184.05
Table Domini 16800242,223.94
Table Fengnix 43800010,151.87
Table Domini 16800242,223.94
Table Bts 16800035,77.74
Table Bts 16800034,77.74
Table Bts 16800034,77.74
Water_heater Ariston 3900648,114.75
Water_heater Aqua 3901190,131.25
Water_heater Ariston 3900003,123.53
Water_heater Ariston 3901052,141.34
Water_heater Ariston 3900002,107.83
Water_heater Aqua 3900339,30.86
Water_heater Haier 3900749,97.76
Water_heater Ariston 3900002,110.53
Water_heater Teploross 3900930,94.7
Water_heater Artel 3900773,61.75
Water_heater Ariston 3900685,100.34
Water_heater Ariston 3900172,92.92
Water_heater Ariston 3900003,116.68
Water_heater Aqua 3900821,30.61
Water_heater Ariston 3900002,108.09
Water_heater Artel 3900773,61.75
Water_heater Thermex 3900879,84.94
Water_heater Ariston 3900968,87.49
Water_heater Ariston 3900002,105.51
Water_heater Shivaki 3900920,61.62
Toilet Colombo 13800422,53.99
Toilet Rosa 13800006,65.64
Toilet Sanita 13800191,74.62
Toilet Rosa 13800225,59.24
Toilet Sanita 13800094,94.17
Toilet Santeri 13800038,65.38
Toilet Santeri 13800038,57.87
Toilet Santek 13800232,80.31
Toilet Gesso 13800089,42.81
Toilet Santek 13800029,73.13
Toilet Cersanit 13800471,158.51
Toilet Rosa 13800033,73.49
Toilet Sanita 13800191,74.62
Toilet Santeri 13800356,39.8
Toilet Cersanit 13800287,230.51
Toilet Sanita 13800065,39.98
Toilet Santeri 13800038,57.97
Toilet Santeri 13800113,65.92
Toilet Rosa 13800013,92.03
Toilet Rosa 13800225,50.35
Lawn_mower Bosch 27600080,93.43
Lawn_mower Bosch 27600457,658.14
Lawn_mower Ryobi 27600121,102.94
Lawn_mower Bosch 27600080,93.43
Lawn_mower Bosch 27600080,91.45
Lawn_mower Bosch 27600022,123.97
Lawn_mower Viking 27600124,324.33
Lawn_mower Huter 27600216,364.2
Lawn_mower Makita 27600097,144.81
Lawn_mower Gardena 27600448,124.84
Lawn_mower Bosch 27600080,93.41
Lawn_mower Bosch 27600080,93.43
Lawn_mower Bosch 27600080,89.76
Lawn_mower Bosch 27600450,70.1
Lawn_mower Bosch 27600080,93.43
Lawn_mower Bosch 27600080,93.43
Lawn_mower Viking 27600149,746.48
Lawn_mower Huter 27600166,102.42
Lawn_mower Bosch 27600080,93.43
Lawn_mower Hyundai 27600394,205.92
Hood Oasis 2402293,61.47
Hood Bosch 2400216,146.99
Hood Turbo 2402995,102.94
Hood Artel 2401883,61.24
Hood Beko 2401589,122.82
Hood Oasis 2401820,100.65
Hood Elica 2401612,569.74
Hood Elikor 2401922,223.2
Hood Gefest 2400445,47.11
Hood Elikor 2402211,110.27
Hood Bosch 2400216,147.78
Hood Turboair 2402553,51.46
Hood Gorenje 2402869,87.47
Hood Gorenje 2400290,334.58
Hood Bosch 2401243,140.99
Hood Artel 2402224,44.82
Hood Elikor 2401668,89.9
Hood Gefest 2401149,223.69
Hood Hansa 2402422,102.64
Hood Electrolux 2402910,210.5
Carriage Bertoni 7004618,55.34
Carriage Yoya 7005985,77.22
Carriage Belecoo 7006559,171.69
Carriage Rant 7005716,128.68
Carriage Babytime 7004490,61.25
Carriage Belecoo 7006453,159.85
Carriage Cybex 7004744,373.21
Carriage Moon 7005771,514.69
Carriage Hp 7006200,69.5
Carriage Belecoo 7006559,171.18
Carriage Belecoo 7004492,102.51
Carriage Wingoffly 7002252,115.56
Carriage Easywalker 7005982,475.17
Carriage Babytime 7005060,56.37
Carriage Wingoffly 7006396,114.26
Carriage Yoya 7006597,95.14
Carriage Yoga 7006568,59.2
Carriage Belecoo 7005191,163.2
Carriage Yoga 7006592,59.2
Carriage Lorelli 7004626,37.07
Coffee_machine Polaris 4400467,64.33
Coffee_machine Bosch 4400286,77.2
Coffee_machine Delonghi 4400038,396.66
Coffee_machine Galaxy 4400550,17.22
Coffee_machine Maxwell 4400189,15.42
Coffee_machine Philips 4400442,1235.48
Coffee_machine Maxwell 4400189,21.88
Coffee_machine Delonghi 4400315,1415.71
Coffee_machine Philips 4400328,604.88
Coffee_machine Scarlett 4400468,95.21
Coffee_machine Delonghi 4400250,169.86
Coffee_machine Polaris 4400520,185.31
Coffee_machine Polaris 4400520,185.31
Coffee_machine Maxwell 4400322,19.02
Coffee_machine Philips 4400559,772.14
Coffee_machine Redmond 4400495,241.71
Coffee_machine Delonghi 4400063,823.68
Coffee_machine Delonghi 4400250,169.86
Coffee_machine Maxwell 4400189,23.14
Coffee_machine Delonghi 4400223,1930.29
Coffee_grinder Bene 14500059,20.36
Coffee_grinder Delonghi 14500015,61.75
Coffee_grinder Redmond 14500088,46.31
Coffee_grinder Gorenje 14500020,20.57
Coffee_grinder Galaxy 14500012,16.47
Coffee_grinder Delonghi 14500015,61.75
Coffee_grinder Vitek 14500000,20.57
Coffee_grinder Melitta 14500099,51.48
Coffee_grinder Gorenje 14500093,19.28
Coffee_grinder Delonghi 14500043,72.05
Coffee_grinder Vitek 14500000,20.57
Coffee_grinder Kitfort 14500106,55.31
Coffee_grinder Bosch 14500002,41.74
Coffee_grinder Redmond 14500017,23.17
Coffee_grinder Vitek 14500000,20.57
Coffee_grinder Kitfort 14500106,45.56
Coffee_grinder Delonghi 14500067,205.9
Coffee_grinder Redmond 14500088,36.01
Coffee_grinder Bene 14500021,19.21
Coffee_grinder Vitek 14500082,17.99
Bicycle Axis 12202339,231.41
Bicycle Micio 12202664,130.07
Bicycle Author 12201777,761.67
Bicycle Phoenix 12202300,231.23
Bicycle Thule 52800002,84.94
Bicycle Racer 12202227,134.88
Bicycle Racer 12202163,158.82
Bicycle Matrix 12201767,277.74
Bicycle Axis 12201562,118.15
Bicycle Phoenix 12201949,89.35
Bicycle Trinx 12202495,169.89
Bicycle Phoenix 12201949,89.3
Bicycle Haro 12202879,210.82
Bicycle Dk 12201457,324.08
Bicycle Axis 12201563,118.15
Bicycle Lg 12202062,578.91
Bicycle Smartrike 12200600,61.01
Bicycle Greenbike 12200998,1156.04
Bicycle Glamvers 12202928,157.02
Bicycle Lux 52800013,43.76
Monitor Samsung 1700975,477.41
Monitor Acer 1701412,126.88
Monitor Lg 1701082,280.29
Monitor Aoc 1701503,411.08
Monitor Samsung 1700954,223.92
Monitor Hp 1700998,295.76
Monitor Asus 1700103,500.63
Monitor Hp 1701408,388.43
Monitor Acer 1701545,156.76
Monitor Acer 1701149,1006.18
Monitor Philips 1700944,231.14
Monitor Philips 1700979,140.41
Monitor Acer 1701383,135.11
Monitor Acer 1701398,272.83
Monitor Hp 1701408,388.43
Monitor Samsung 1700954,216.21
Monitor Samsung 1701420,244.51
Monitor Aoc 1700322,64.61
Monitor Hp 1700574,1633.23
Monitor Acer 1701406,263.07
Ironing_board Tefal 19300020,128.68
Ironing_board Braun 19300000,100.36
Ironing_board Perilla 19300108,23.14
Ironing_board Braun 19300000,100.11
Ironing_board Nika 19300096,38.59
Ironing_board Nika 19300054,46.31
Ironing_board Delonghi 19300001,347.47
Ironing_board Eurogold 19300075,7.7
Ironing_board Nika 19300102,5.12
Ironing_board Nika 19300096,38.59
Ironing_board Nika 19300039,29.58
Ironing_board Nika 19300039,29.58
Ironing_board Nika 19300027,56.6
Ironing_board Perilla 19300073,36.01
Ironing_board Nika 19300039,29.58
Ironing_board Bosch 19300033,200.75
Ironing_board Dasch 100021131,76.71
Ironing_board Nika 19300088,37.07
Ironing_board Nika 19300029,24.43
Ironing_board Nika 19300027,56.6
Hdd Adata 6800871,23.66
Hdd Apacer 6801098,59.98
Hdd Kingston 6800658,40.12
Hdd Samsung 6800903,414.4
Hdd Toshiba 6801055,55.73
Hdd Kingston 6800937,52.0
Hdd Apacer 6801082,22.11
Hdd Seagate 6801059,63.32
Hdd Toshiba 6800119,38.87
Hdd Toshiba 6800050,40.41
Hdd Transcend 6800934,51.22
Hdd Samsung 6801134,452.85
Hdd Kingston 6800659,60.23
Hdd Samsung 6801195,146.7
Hdd Kingston 6800658,40.12
Hdd Gigabyte 6801232,61.75
Hdd Hitachi 6800254,41.7
Hdd Crucial 6801188,38.38
Hdd Samsung 6800902,202.81
Hdd Kingston 6800659,64.4
Air_heater Electrolux 6200323,64.09
Air_heater Willmark 6200974,38.59
Air_heater Oasis 6200712,23.68
Air_heater Ballu 6200518,40.93
Air_heater Electrolux 6200325,20.57
Air_heater Oasis 6200806,30.86
Air_heater Ballu 6200514,12.84
Air_heater Almacom 6200358,43.76
Air_heater Oasis 6200712,23.94
Air_heater Oasis 6200806,30.86
Air_heater Sibrteh 100003348,89.99
Air_heater Alteco 6201389,682.1
Air_heater Almacom 6200017,36.68
Air_heater Oasis 6200724,20.34
Air_heater Oasis 6200690,35.78
Air_heater Willmark 6200971,8.98
Air_heater Ballu 5600049,66.92
Air_heater Saturn 6200431,10.79
Air_heater Electrolux 6200324,70.22
Air_heater Electrolux 6200324,72.05
Meat_grinder Vitek 3200353,66.85
Meat_grinder Elenberg 3200378,38.59
Meat_grinder Moulinex 3200388,141.55
Meat_grinder Scarlett 3200480,40.89
Meat_grinder Redmond 3200292,123.3
Meat_grinder Redmond 3200321,103.12
Meat_grinder Bosch 3200324,202.63
Meat_grinder Galaxy 3200460,63.04
Meat_grinder Moulinex 3200426,244.51
Meat_grinder Moulinex 3200389,244.51
Meat_grinder Bosch 3200533,257.12
Meat_grinder Panasonic 3200013,102.94
Meat_grinder Bosch 3200157,153.73
Meat_grinder Zelmer 3200472,62.55
Meat_grinder Redmond 3200422,77.2
Meat_grinder Bosch 3200324,202.62
Meat_grinder Bosch 3200533,262.53
Meat_grinder Bosch 3200112,185.08
Meat_grinder Dauscher 3200573,25.71
Meat_grinder Polaris 3200286,74.11
Hob Midea 4501523,163.43
Hob Beko 4501733,234.21
Hob Bosch 4501178,175.01
Hob Danke 4501866,93.7
Hob Midea 4501568,90.07
Hob Gefest 4501338,135.4
Hob Gefest 4500301,123.81
Hob Bosch 4501431,193.03
Hob Hotpoint-ariston 4501751,235.24
Hob Dauscher 4502492,123.53
Hob Kaiser 4500064,343.23
Hob Gefest 4500301,120.72
Hob Hansa 4501835,256.6
Hob Bosch 4501395,407.71
Hob Indesit 4502717,335.89
Hob Midea 4501766,92.64
Hob Dauscher 4502771,167.29
Hob Dauscher 4502740,193.03
Hob Bosch 4501499,622.92
Hob Hansa 4501997,226.11
Underwear Milavitsa 35108585,12.85
Underwear Milavitsa 35109188,29.98
Underwear Obsessive 35200632,20.34
Underwear Milavitsa 35200048,9.52
Underwear Milavitsa 35108813,17.16
Underwear Milavitsa 100003772,22.96
Underwear Milavitsa 35101440,36.69
Underwear Obsessive 35200632,20.34
Underwear Visavis 35200674,8.65
Underwear Milavitsa 35200103,14.83
Underwear Milavitsa 35103762,28.2
Underwear Milavitsa 35200215,18.56
Underwear Milavitsa 35102287,35.22
Underwear Milavitsa 100000370,35.22
Underwear Milavitsa 35200238,22.0
Underwear Milavitsa 35200093,14.83
Underwear Visavis 35200692,7.79
Underwear Milavitsa 35108970,47.59
Underwear Milavitsa 35200212,18.56
Underwear Milavitsa 35200212,18.56
Videocards Palit 6700709,411.59
Videocards Palit 6700878,1245.59
Videocards Afox 6700809,129.98
Videocards Gigabyte 6701198,539.17
Videocards Palit 6700582,177.19
Videocards Gigabyte 6700458,152.32
Videocards Powercolor 6701043,169.12
Videocards Palit 6700582,173.8
Videocards Palit 6700582,177.34
Videocards Asus 6701236,490.87
Videocards Evga 6701070,604.65
Videocards Gigabyte 6701017,245.98
Videocards Sapphire 6701229,275.17
Videocards Asus 6701112,192.8
Videocards Asrock 6701096,247.84
Videocards Pny 6701116,385.85
Videocards Powercolor 6701044,205.41
Videocards Msi 6700615,1289.58
Videocards Pny 6701116,385.85
Videocards Gigabyte 6701039,173.34
Telephone Bq 8800803,34.96
Telephone Texet 8800685,15.42
Telephone Texet 8800213,14.64
Telephone Panasonic 8801109,45.02
Telephone Texet 8800546,48.44
Telephone Nokia 8801060,38.35
Telephone Texet 8801087,19.63
Telephone Nokia 8800444,45.56
Telephone Texet 8800028,43.5
Telephone Nokia 8801100,94.66
Telephone Philips 8801049,51.46
Telephone Panasonic 11300011,40.36
Telephone Maxvi 8800262,20.34
Telephone Texet 8800709,30.62
Telephone Panasonic 11300007,26.64
Telephone Nokia 8800637,76.96
Telephone Nokia 8801085,21.85
Telephone Texet 8800546,48.48
Telephone Texet 8800811,23.4
Telephone Nokia 8801100,94.62
Audio Yamaha 14300169,491.11
Audio Cortland 14300017,84.94
Audio Yamaha 14300207,333.83
Audio Denn 14300386,14.39
Audio Cortland 14300017,84.94
Audio Cortland 14300017,84.94
Audio Medeli 14300139,249.68
Audio Alesis 14300180,97.27
Audio Yamaha 14300088,205.9
Audio Alesis 14300297,171.66
Audio M-audio 14300349,310.24
Audio Cortland 14300017,84.95
Audio Casio 14300004,190.91
Audio Yamaha 14300088,161.11
Audio Arturia 14300350,343.25
Audio M-audio 14300243,101.65
Audio Casio 14300107,368.61
Audio Alesis 14300245,225.21
Audio Casio 14300379,202.81
Audio Akai 14300371,109.97
Generator Zongshen 17900071,232.87
Generator Magnetta 17900229,209.85
Generator Huter 17900043,535.38
Generator Huter 17900036,405.9
Generator Elenberg 4000048,92.64
Generator Karcher 4000035,180.11
Generator Alteco 17900154,1004.35
Generator Polaris 4000197,69.47
Generator Huter 17900033,213.36
Generator Huter 17900036,405.9
Generator Vitek 4000153,91.97
Generator Huter 17900033,213.36
Generator Scarlett 4000195,31.38
Generator Philips 4000112,411.83
Generator Philips 4000226,154.37
Generator Fubag 17900344,1866.97
Generator Fubag 17900168,615.72
Generator Magnetta 17900247,513.37
Generator Tefal 4000189,230.35
Generator Philips 4000134,51.46
Wallet Petek 28300533,65.9
Wallet Picard 28300237,64.35
Wallet Karya 28300313,38.61
Wallet Karya 28300459,38.61
Wallet Coccinelle 28300892,56.89
Wallet Petek 28300615,62.81
Wallet Petek 28300528,56.63
Wallet Petek 28300634,73.1
Wallet Picard 28300805,78.51
Wallet Karya 28300774,38.61
Wallet Karya 28300872,32.18
Wallet Picard 28300751,100.39
Wallet Petek 28300578,86.49
Wallet Muqajankz 28300707,11.58
Wallet Karya 28300454,38.61
Wallet Petek 28300651,91.64
Wallet Petek 28300546,53.54
Wallet Karya 28300461,38.61
Wallet Petek 28300642,115.32
Wallet Karya 28300459,38.61
Grill Dsp 12600113,50.45
Grill Bosch 12600045,154.37
Grill Delonghi 12600009,283.12
Grill Tefal 12600008,169.81
Grill Scarlett 12600060,56.6
Grill Clatronic 12600014,30.4
Grill Weber 12600120,573.34
Grill Tefal 12600007,292.23
Grill Tefal 12600004,384.54
Grill Redmond 12600025,236.74
Grill Delonghi 12600018,384.54
Grill Polaris 12600035,125.82
Grill Tefal 12600008,169.81
Grill Kitfort 12600100,82.11
Grill Delonghi 12600002,167.29
Grill Redmond 12600092,110.66
Grill Dsp 12600112,47.88
Grill Maxwell 12600003,71.82
Grill Delonghi 12600018,386.03
Grill Delonghi 12600063,83.37
Parktronic Parkmaster 18800006,123.56
Parktronic Parkmaster 18800006,123.56
Parktronic Flashpoint 18800016,25.48
Parktronic Erisson 18800013,36.04
Parktronic Parkmaster 18800009,32.18
Parktronic Parkmaster 18800010,32.18
Parktronic Erisson 18800012,36.04
Parktronic Erisson 18800025,36.04
Parktronic Parkmaster 18800005,123.56
Parktronic Parkmaster 18800049,74.65
Parktronic Parkmaster 18800010,32.18
Parktronic Parkmaster 18800010,32.18
Parktronic Parkmaster 18800010,32.18
Parktronic Parkmaster 18800039,81.08
Parktronic Parkmaster 18800049,74.65
Parktronic Parkmaster 100000179,82.37
Parktronic Parkmaster 18800007,123.56
Parktronic Parkmaster 100000179,82.37
Parktronic Parkmaster 18800009,32.18
Parktronic Parkmaster 18800006,123.56
Printer Epson 1500258,272.54
Printer Hp 1600362,169.76
Printer Canon 1600557,167.01
Printer Hp 1500297,126.88
Printer Epson 1600593,174.75
Printer Canon 1500091,205.93
Printer Hp 1500473,499.69
Printer Hp 1500463,147.56
Printer Epson 1600445,254.58
Printer Hp 1600466,333.59
Printer Samsung 1600040,138.67
Printer Xerox 1500208,101.16
Printer Epson 1500259,148.78
Printer Canon 1500484,180.16
Printer Canon 1500429,158.93
Printer Epson 1500082,699.61
Printer Canon 1500399,148.1
Printer Canon 1600002,258.57
Printer Hp 1600600,147.21
Printer Epson 1500458,174.78
Skates Maomaoku 12100514,348.71
Skates Xiaomi 12100045,392.52
Skates Schreuders 12100812,131.79
Skates Kugoo 12100784,568.75
Skates Manke 12100990,306.1
Skates Maomaoku 12100513,334.63
Skates Xiaomi 12100230,392.33
Skates Schreuders 12100816,38.61
Skates Xiaomi 12100605,366.6
Skates Joyor 12100825,692.42
Skates Maomaoku 12100513,334.63
Skates Kugoo 12100785,509.62
Skates Xiaomi 12100045,366.78
Skates Niio 12100577,29.6
Skates Xiaomi 12100045,365.11
Skates Longway 12100426,169.63
Skates Maomaoku 12100513,334.63
Skates Xiaomi 12100045,366.78
Skates Fitrider 12100417,475.95
Skates Xiaomi 12100045,366.78
Drill Bosch 12301041,203.66
Drill Makita 12301118,102.48
Drill Bosch 12300632,47.1
Drill Bosch 12400475,303.12
Drill Makita 12400207,174.26
Drill Dewalt 12400024,152.89
Drill Alteco 12400120,49.68
Drill Kolner 12300901,14.16
Drill Makita 12400207,174.26
Drill Bosch 12300196,135.05
Drill Makita 12400208,136.43
Drill Bosch 12300005,51.53
Drill Bosch 12300153,127.58
Drill Alteco 12300925,28.19
Drill Patriot 12400201,50.97
Drill Makita 12300653,192.48
Drill Kolner 12300562,21.88
Drill Makita 12400207,174.26
Drill Bosch 12300064,110.67
Drill Kolner 12301396,33.39
Motherboard Gigabyte 6500713,131.29
Motherboard Asus 6500904,125.77
Motherboard Gigabyte 6500955,72.33
Motherboard Msi 6500808,79.54
Motherboard Asrock 6500506,52.77
Motherboard Msi 6501025,50.32
Motherboard Msi 6501036,322.21
Motherboard Gigabyte 6501022,56.37
Motherboard Asus 6500673,563.21
Motherboard Gigabyte 6501071,101.21
Motherboard Asus 6500548,209.53
Motherboard Asrock 6500884,193.57
Motherboard Biostar 6500228,49.94
Motherboard Asrock 6500995,90.07
Motherboard Asus 6500879,124.35
Motherboard Msi 6501028,72.33
Motherboard Asus 6500558,197.92
Motherboard Asus 6500636,141.55
Motherboard Gigabyte 6500891,72.34
Motherboard Asus 6500673,563.21
Tshirt Fila 43300079,30.63
Tshirt Goodloot 43200109,17.22
Tshirt Goodloot 43200112,8.73
Tshirt Goodloot 43300193,17.22
Tshirt Goodloot 43300160,20.05
Tshirt Goodloot 43200121,8.73
Tshirt Puma 43300043,33.21
Tshirt Goodloot 43300204,20.05
Tshirt Jordan 43300009,45.02
Tshirt Fila 43300099,17.76
Tshirt Jordan 43300009,45.02
Tshirt Carters 37700018,17.63
Tshirt Nike 43200102,33.44
Tshirt Nike 43300102,35.78
Tshirt Nike 43300101,35.78
Tshirt Jordan 43300140,45.02
Tshirt Nike 43300129,45.02
Tshirt Fila 43300078,30.63
Tshirt Harley-davidson 43300066,61.78
Tshirt Weekend 43200095,244.54
Saw Bosch 19100356,1083.17
Saw Bosch 19100005,81.08
Saw Dewalt 19100059,332.62
Saw Bosch 19100030,416.73
Saw Kolner 19100093,85.72
Saw Dewalt 53900008,127.4
Saw Dewalt 19100295,435.12
Saw Hitachi 19100102,80.66
Saw Dwt 19100152,126.94
Saw Dewalt 19100037,126.14
Saw Stihl 19200063,179.93
Saw Alteco 19200186,60.23
Saw Metabo 19100363,1482.15
Saw Zubr 19100264,82.37
Saw Metabo 42800011,208.3
Saw Stihl 19200063,179.93
Saw Huter 19200005,92.13
Saw Stihl 19200063,179.93
Saw Makita 19100119,560.3
Saw Zubr 19100264,82.37
Alarm Starline 6000227,165.51
Alarm Starline 6000094,121.24
Alarm Starline 6000094,127.42
Alarm Starline 6000227,165.51
Alarm Starline 6000254,206.7
Alarm Starline 6000089,207.73
Alarm Starline 6000094,121.24
Alarm Pandora 6000162,183.79
Alarm Starline 6000149,157.53
Alarm Starline 6000094,121.24
Alarm Pandora 6000162,196.92
Alarm Starline 6000094,121.24
Alarm Starline 6000124,138.23
Alarm Starline 6000217,250.2
Alarm Starline 100002560,71.3
Alarm Starline 6000258,420.06
Alarm Starline 6000094,127.42
Alarm Starline 6000149,157.53
Alarm Starline 100002560,71.3
Alarm Starline 6000229,138.23
Massager Bradex 29100048,48.14
Massager Gezatone 29100011,30.12
Massager Vitek 29100044,45.75
Massager Gezatone 29100011,30.12
Massager Casada 29100102,669.26
Massager Vitek 29100044,43.1
Massager Haday 29100074,25.48
Massager Xiaomi 29100070,90.99
Massager Bradex 29100071,12.36
Massager Casada 29100097,386.11
Massager Carhome 29100091,16.99
Massager Irest 29100047,94.19
Massager Maxwell 29100050,32.41
Massager Gezatone 29100082,74.13
Massager Gezatone 29100011,30.12
Massager Masstone 29100089,14.93
Massager Vitek 29100044,44.43
Massager Irest 29100047,95.21
Massager Gezatone 29100068,126.13
Massager Smile 29100051,17.47
Cpu Intel 6400180,128.68
Cpu Amd 6400296,163.43
Cpu Intel 6400313,169.12
Cpu Intel 6400351,224.72
Cpu Amd 6400043,71.42
Cpu Intel 6400313,178.51
Cpu Amd 6400249,142.35
Cpu Intel 6400353,488.32
Cpu Amd 6400242,88.81
Cpu Intel 6400333,101.16
Cpu Amd 6400240,48.65
Cpu Amd 6400339,267.96
Cpu Intel 6400255,247.11
Cpu Amd 6400282,139.85
Cpu Intel 6400161,414.94
Cpu Intel 6400179,215.06
Cpu Intel 6400333,101.16
Cpu Intel 6400365,129.62
Cpu Intel 6400314,185.85
Cpu Amd 6400249,142.35
Photo Nikon 18900162,911.63
Photo Canon 18900418,1335.18
Photo Sony 18900020,401.3
Photo Canon 18900008,308.86
Photo Canon 18900005,154.42
Photo Canon 18900038,855.51
Photo Nikon 18900205,1534.63
Photo Canon 18900036,473.38
Photo Nikon 18900154,249.43
Photo Canon 18900386,380.03
Photo Canon 18900005,154.42
Photo Canon 18900459,720.05
Photo Canon 18900059,1003.86
Photo Sony 18900024,231.41
Photo Nikon 18900371,124.48
Photo Nikon 18900022,257.38
Photo Sony 18900429,695.0
Photo Canon 18900210,267.08
Photo Canon 18900005,154.42
Photo Canon 18900005,138.97
Welding Redbo 30000084,120.47
Welding Aurora 30000267,423.18
Welding Eurolux 30000069,70.27
Welding Magnetta 30000215,347.5
Welding Aurora 30000268,84.94
Welding Resanta 60500002,42.19
Welding Magnetta 30000218,254.81
Welding Hyundai 30000237,83.66
Welding Zubr 30000289,1904.81
Welding Jasic 30000248,141.57
Welding Magnetta 30000167,1226.61
Welding Eurolux 30000068,59.69
Welding Zubr 30000286,926.66
Welding Zubr 60500012,32.18
Welding Aurora 100007548,404.64
Welding Resanta 30000254,415.22
Welding Jasic 30000249,270.28
Welding Huter 30000003,133.31
Welding Magnetta 30000144,97.56
Welding Jasic 30000252,244.54
Cooler Almacom 25900016,73.66
Cooler Ecocool 25900003,159.57
Cooler Deepcool 30900031,3.66
Cooler Midea 25900012,51.22
Cooler Thermaltake 30900094,144.92
Cooler Aardwolf 30901103,78.95
Cooler Almacom 25900014,73.68
Cooler Pccooler 30900531,6.85
Cooler Pccooler 30900531,6.85
Cooler Id-cooling 30900085,10.81
Cooler Aerocool 30901097,2.78
Cooler Thermaltake 30900460,28.06
Cooler Midea 25900012,51.22
Cooler Ecocool 25900005,56.6
Cooler Nzxt 30900026,202.78
Cooler Deepcool 30900188,38.53
Cooler Deepcool 30900027,24.74
Cooler Midea 25900029,32.8
Cooler Deepcool 30900188,38.43
Cooler Pccooler 30900095,50.31
Sofa Asm 17200992,385.85
Sofa Htw 100010565,470.93
Sofa Pinskdrev 100002042,1959.38
Sofa Komfort-s 17200998,349.28
Sofa Rals 17200727,666.62
Sofa Asm 17201005,334.37
Sofa Asm 100004287,334.37
Sofa Rals 17200722,283.05
Sofa Asm 100004287,334.37
Sofa Rals 17200728,773.25
Sofa Komfort-s 17200962,386.6
Sofa Rals 17200721,324.04
Sofa Rals 17200729,860.85
Sofa Silva 17200819,374.78
Sofa Asm 17200999,926.41
Sofa Rals 17200727,666.62
Sofa Komfort-s 17200971,389.95
Sofa Asm 17200994,385.85
Sofa Bellamebel 17200958,1029.22
Sofa Mebberi 17200973,643.49
Cartrige Hp 12900521,7.7
Cartrige Europrint 12900414,7.13
Cartrige Epson 12901110,45.38
Cartrige Canon 12900360,9.24
Cartrige Samsung 12900142,45.04
Cartrige Hp 12901497,30.89
Cartrige Hp 12900278,6.67
Cartrige Epson 12900178,5.12
Cartrige Epson 12901428,5.64
Cartrige Hp 12900125,11.3
Cartrige Epson 12901114,62.5
Cartrige Hp 12900110,12.84
Cartrige Canon 12900356,19.54
Cartrige Barer 53400081,10.42
Cartrige Canon 12900330,23.14
Cartrige Epson 12901428,5.64
Cartrige Canon 12900360,9.24
Cartrige Europrint 12901483,32.52
Cartrige Canon 100009550,70.76
Cartrige Akvafor 53400100,42.19
Power_supply Thermaltake 9700102,58.95
Power_supply Seasonic 100009906,143.38
Power_supply Gamemax 9700343,52.87
Power_supply Aerocool 9700230,29.99
Power_supply Cougar 9700060,62.47
Power_supply Gigabyte 9700114,81.86
Power_supply Huntkey 9700007,52.04
Power_supply Gigabyte 9700330,168.04
Power_supply Nzxt 9700400,153.9
Power_supply Aerocool 9700231,26.63
Power_supply Huntkey 9700140,46.2
Power_supply Huntkey 9700144,54.18
Power_supply Cougar 9700300,43.24
Power_supply Aerocool 9700230,33.21
Power_supply Aerocool 9000201,27.93
Power_supply Cougar 9700060,54.79
Power_supply Aerocool 9700277,44.02
Power_supply Chieftec 100006389,59.59
Power_supply Evga 9700161,71.82
Power_supply Huntkey 9700140,50.86
Toster Philips 11000101,33.44
Toster Redmond 11000148,59.18
Toster Philips 11000101,32.15
Toster Bosch 11000096,51.22
Toster Philips 11000101,33.44
Toster Now 29502882,21.88
Toster Polaris 11000043,22.09
Toster Smeg 11000238,214.83
Toster Redmond 11000146,66.67
Toster Kitchenaid 11000134,478.52
Toster Scarlett 11000247,14.93
Toster Redmond 11000225,30.6
Toster Scarlett 11000211,17.99
Toster Smeg 11000240,275.6
Toster Delonghi 11000172,128.68
Toster Maxwell 11000068,19.28
Toster Sakura 11000118,17.99
Toster Bosch 11000112,61.46
Toster Smile 11000227,19.8
Toster Polaris 11000042,25.69
Mouse Razer 9100138,88.55
Mouse Trust 9100349,20.41
Mouse Xiaomi 9101191,48.65
Mouse Logitech 9000115,6.65
Mouse Defender 9100970,6.41
Mouse Logitech 9101345,72.13
Mouse Rapoo 9101533,6.41
Mouse Logitech 9100636,30.36
Mouse Steelseries 9101352,102.94
Mouse Hyperx 9101313,31.53
Mouse Hyperx 9101313,51.46
Mouse Defender 9101361,10.36
Mouse Razer 9100614,74.62
Mouse Hp 21800223,26.55
Mouse Logitech 9101615,128.68
Mouse Hp 9101571,62.5
Mouse Logitech 9100636,29.32
Mouse Hyperx 21800147,33.21
Mouse Razer 9101300,43.73
Mouse Kingston 9101258,48.93
Painting Bosch 40900000,73.98
Painting Crown 40900016,50.19
Painting Stels 40900071,52.12
Painting Alteco 40900043,48.7
Painting Bosch 40900000,73.93
Painting Schneider 40900065,102.42
Painting Eco 40900039,22.11
Painting Wagner 40900018,158.31
Painting Wagner 40900047,607.48
Painting Bosch 40900000,73.98
Painting Stels 40900070,52.96
Painting Metabo 40900053,106.72
Painting Bosch 40900000,74.0
Painting Stels 40900034,36.13
Painting Bosch 40900002,143.03
Painting Schneider 40900065,102.42
Painting Fubag 40900007,27.29
Painting Metabo 40900053,106.72
Painting Bosch 40900001,105.25
Painting Dwt 40900049,52.42
Bag Ritmix 49800022,7.5
Bag Tonybellucci 28401488,104.51
Bag Crown 18300132,17.99
Bag Hp 18300754,43.24
Bag Tucano 18300129,25.71
Bag Lenovo 18300768,20.57
Bag Stanley 52900193,12.29
Bag Continent 18300076,11.81
Bag Roncato 28400014,32.95
Bag Fisherman 32900058,98.46
Bag Karya 28401176,100.39
Bag Muqajankz 28400712,66.93
Bag Tonybellucci 28401494,100.9
Bag Hp 18300754,43.24
Bag Thule 18300314,90.07
Bag Tonybellucci 100002720,55.86
Bag Baden 28400746,42.99
Bag Tonybellucci 28401488,104.51
Bag Portcase 18300021,7.7
Bag Acer 18300633,77.2
Dolls Barbie 10201451,46.31
Dolls Llorens 10201146,56.6
Dolls Barbie 10201546,59.18
Dolls Llorens 10201150,43.22
Dolls Llorens 10200491,28.29
Dolls Llorens 10200931,69.47
Dolls Barbie 10201451,46.31
Dolls Llorens 10201178,37.97
Dolls Hairdorables 10201657,28.29
Dolls Llorens 10201154,25.74
Dolls Llorens 10200491,33.44
Dolls Simba 10201175,36.55
Dolls Mattel 10201470,9.25
Dolls Llorens 10201154,25.74
Dolls Llorens 10201147,50.17
Dolls Barbie 10201837,20.82
Dolls Gulliver 10201477,38.17
Dolls Llorens 10201178,37.97
Dolls Llorens 10201513,53.77
Dolls Bayer 10201290,25.71
Glove Adidas 55300139,84.94
Glove Adidas 55300158,57.66
Glove Venum 55300105,27.03
Glove Fabretti 100008292,40.93
Glove Rdx 55300205,56.22
Glove Everlast 55300016,132.62
Glove Rdx 55300065,50.45
Glove Fabretti 100008324,33.21
Glove Velo 55300224,77.22
Glove Fabretti 100008326,33.21
Glove Venum 55300211,113.88
Glove Velo 55300222,77.22
Glove Fabretti 100008284,40.93
Glove Fabretti 100008308,40.93
Glove Fabretti 100008364,33.21
Glove Fabretti 100008380,33.21
Glove Fabretti 100008330,33.21
Glove Fabretti 100008274,40.93
Glove Fabretti 100008330,33.21
Glove Fabretti 100008354,33.21
Acoustic Yamaha 14100285,157.51
Acoustic Cort 14100407,151.1
Acoustic Samsung 18200072,231.64
Acoustic Flight 14100501,118.4
Acoustic Yamaha 11700229,193.54
Acoustic Samsung 18200014,257.12
Acoustic Rockdale 14100505,108.11
Acoustic Yamaha 11700101,142.84
Acoustic Sony 11700323,283.12
Acoustic Sony 18200001,308.61
Acoustic Cort 14100407,151.1
Acoustic Sony 18200081,630.62
Acoustic Sony 18200037,154.19
Acoustic Yamaha 11700129,236.81
Acoustic Squier 14100482,157.79
Acoustic Yamaha 14100411,150.04
Acoustic Yamaha 14100392,164.48
Acoustic Yamaha 14100411,150.04
Acoustic Yamaha 14100659,442.2
Acoustic Trust 18200066,40.67
Blanket Arua 23700090,61.01
Blanket Alvitek 23700257,47.62
Blanket Alvitek 23700131,27.03
Blanket Verossa 23700027,46.33
Blanket Alvitek 23700131,27.03
Blanket Askona 23700097,74.08
Blanket Askona 23700097,74.08
Blanket Alvitek 23700132,30.89
Blanket Verossa 23700047,54.06
Blanket Alvitek 23700131,27.03
Blanket Askona 23700102,103.65
Blanket Alvitek 23700131,27.03
Blanket Verossa 23700047,54.06
Blanket Verossa 23700027,46.33
Blanket Verossa 23700053,72.07
Blanket Askona 23700105,54.01
Blanket Verossa 23700030,54.06
Blanket Belashoff 23700049,64.35
Blanket Alvitek 23700132,30.89
Blanket Askona 23700229,169.76
Radar Ibox 6100160,71.3
Radar Neoline 6100205,391.08
Radar Neoline 6100205,411.67
Radar Ibox 6100130,62.78
Radar Ibox 6100216,81.08
Radar Ibox 6100216,81.47
Radar Ibox 6100160,71.3
Radar Ibox 6100216,83.66
Radar Neoline 6100016,85.49
Radar Whistler 6100126,38.61
Radar Sho-me 6100193,79.77
Radar Fujida 6100237,66.93
Radar Ibox 6100104,60.48
Radar Sho-me 6100191,83.65
Radar Neoline 6100016,97.56
Radar Neoline 6100016,85.48
Radar Sho-me 6100193,75.94
Radar Sho-me 6100193,79.77
Radar Sho-me 6100191,83.63
Radar Neoline 6100016,97.53
Steam_cooker Polaris 3000069,37.3
Steam_cooker Smeg 3000137,1857.18
Steam_cooker Philips 3000103,178.96
Steam_cooker Braun 3000063,100.36
Steam_cooker Tefal 3000097,92.64
Steam_cooker Braun 3000063,100.36
Steam_cooker Tefal 3000097,92.64
Steam_cooker Polaris 3000069,35.99
Steam_cooker Tefal 3000106,66.05
Steam_cooker Polaris 3000069,39.87
Steam_cooker Tefal 3000097,92.64
Steam_cooker Polaris 3000069,39.87
Steam_cooker Polaris 3000069,35.99
Steam_cooker Braun 3000064,74.62
Steam_cooker Tefal 3000001,138.97
Steam_cooker Polaris 3000069,37.3
Steam_cooker Smeg 3000136,1872.89
Steam_cooker Polaris 3000069,39.87
Steam_cooker Braun 3000063,100.36
Steam_cooker Ibili 3000139,30.73
Chair Lorelli 6902900,55.6
Chair Joie 6902628,111.46
Chair Komfort-s 100009762,196.89
Chair Nania 6902999,51.42
Chair Joie 6902657,94.47
Chair Lorelli 6902826,84.43
Chair Cybex 6902938,327.4
Chair Joie 6902650,94.47
Chair Komfort-s 29800248,196.89
Chair Siger 6902465,92.64
Chair Lorelli 6902812,81.34
Chair Lorelli 6902914,51.48
Chair Joie 6901938,193.31
Chair Lorelli 6902389,51.48
Chair Bambola 6902626,55.59
Chair Heyner 6902266,157.02
Chair Siger 6901625,100.36
Chair Lorelli 6902806,67.96
Chair Siger 6902397,95.21
Chair Joie 6902133,143.89
Pump Alteco 27700716,28.06
Pump Magnetta 27700714,105.09
Pump Zubr 27701283,147.49
Pump Intex 43000009,21.16
Pump Pedrollo 27701038,1019.75
Pump Intex 43000009,21.16
Pump Pedrollo 27700405,707.5
Pump Sti 27700133,61.26
Pump Firman 27701195,222.3
Pump Leo 27700767,79.54
Pump Hyundai 27700847,73.88
Pump Huter 27700694,128.42
Pump Fit 27700159,62.19
Pump Intex 43000015,5.12
Pump Karcher 27700049,71.49
Pump Karcher 27700149,181.7
Pump Firman 27700703,405.06
Pump Cmi 27700764,57.64
Pump Hyundai 27700846,71.56
Pump Pedrollo 27700255,312.31
Snowboard Ride 20200362,427.04
Snowboard Burton 20200303,411.59
Snowboard Atlant 52300008,77.22
Snowboard Burton 20200030,977.89
Snowboard Burton 20300052,195.37
Snowboard Burton 20300078,324.08
Snowboard Biwec 20200364,128.45
Snowboard Burton 20200029,257.15
Snowboard Burton 20200090,118.15
Snowboard Ride 20300093,118.15
Snowboard Biwec 20200366,128.45
Snowboard Lux 52300011,52.91
Snowboard Burton 20300055,205.67
Snowboard Ride 100004975,221.11
Snowboard Roxy 100004433,385.85
Snowboard Ride 100004869,118.15
Snowboard Burton 20300040,282.89
Snowboard Atlant 52300008,77.22
Snowboard Ride 20200405,257.15
Snowboard Biwec 20200366,128.45
Pillow Askona 22900226,278.24
Pillow Belashoff 22900080,16.73
Pillow Ikea 100012456,10.22
Pillow Belashoff 22900079,15.44
Pillow Monro 100000709,25.08
Pillow Belashoff 22900065,15.44
Pillow Askona 22900131,137.03
Pillow Askona 22900226,278.24
Pillow Belashoff 22900080,16.73
Pillow Askona 22900191,60.19
Pillow Verossa 22900055,20.59
Pillow Ecotex 22900289,8.16
Pillow Vegas 22900006,38.61
Pillow Vegas 22900003,27.54
Pillow Ikea 22900039,6.92
Pillow Tamish 22900093,14.16
Pillow Belashoff 22900065,15.44
Pillow Tamish 22900109,14.16
Pillow Vegas 22900007,82.63
Pillow Ikea 22900034,9.76
Dress Conceptclub 48200451,42.47
Dress Annaanna 48200465,46.33
Dress Tomfarr 48200521,90.09
Dress Annaanna 48200471,25.48
Dress Conceptclub 48200463,47.62
Dress Conceptclub 48200463,47.62
Dress Annaanna 48200501,28.31
Dress Tomfarr 48200481,41.19
Dress Annaanna 48200499,25.48
Dress Conceptclub 48200463,47.62
Dress Conceptclub 48200446,47.62
Dress Conceptclub 48200496,46.33
Dress Conceptclub 48200446,47.62
Dress Conceptclub 48200453,37.32
Dress Tomfarr 48200484,46.33
Dress Conceptclub 48200459,41.19
Dress Annaanna 48200499,25.48
Dress Tomfarr 48200474,28.31
Dress Conceptclub 48200463,47.62
Dress Conceptclub 48200511,35.78
Keyboard Sven 9200563,48.82
Keyboard Hyperx 9200663,123.08
Keyboard X-game 9200601,9.24
Keyboard Defender 9200594,20.71
Keyboard Apple 9200527,205.9
Keyboard Defender 9200594,22.36
Keyboard Hyperx 9200450,90.07
Keyboard Steelseries 9200774,257.38
Keyboard Hyperx 9200450,90.07
Keyboard Hp 9200413,96.53
Keyboard Trust 9200534,46.31
Keyboard Gembird 9200285,15.42
Keyboard Dell 9200251,35.78
Keyboard X-game 9200055,6.41
Keyboard Sven 9200489,12.32
Keyboard Defender 9200607,9.24
Keyboard Kingston 9200192,118.14
Keyboard Sven 9200489,23.14
Keyboard Kingston 9200192,115.58
Keyboard Hyperx 9200425,98.24
Diapers Huggies 16200329,12.36
Diapers Huggies 16200348,17.5
Diapers Huggies 16200316,19.92
Diapers Sweety 16200453,12.57
Diapers Huggies 16200476,12.36
Diapers Manuoki 16200427,13.62
Diapers Sweety 16200452,11.68
Diapers Merries 16200057,20.71
Diapers Merries 16200067,20.71
Diapers Huggies 16200286,4.02
Diapers Huggies 16200316,17.5
Diapers Huggies 16200236,19.05
Diapers Goo.n 16200121,17.71
Diapers Huggies 16200329,12.36
Diapers Huggies 16200322,17.25
Diapers Manuoki 16200429,13.62
Diapers Huggies 16200287,4.02
Diapers Pampers 16200306,3.94
Diapers Pampers 16200402,3.68
Diapers Pampers 16200153,18.29
Air_conditioner Haier 4201294,154.42
Air_conditioner Oasis 4201413,194.29
Air_conditioner Gree 4200978,243.76
Air_conditioner Almacom 4200743,338.68
Air_conditioner Elenberg 4200791,154.42
Air_conditioner Tcl 4201166,295.22
Air_conditioner Electrolux 4200689,200.75
Air_conditioner Electrolux 4201085,244.51
Air_conditioner Elenberg 4200544,231.64
Air_conditioner Electrolux 4201085,244.51
Air_conditioner Panasonic 4201298,512.24
Air_conditioner Tcl 4201166,320.45
Air_conditioner Almacom 4200997,304.45
Air_conditioner Elenberg 4200540,154.42
Air_conditioner Gree 4200979,326.91
Air_conditioner Midea 4201065,550.59
Air_conditioner Atlantic 4201103,231.61
Air_conditioner Lg 4201360,669.08
Air_conditioner Almacom 4201107,321.08
Air_conditioner Gree 4201427,269.51
Memory Hyperx 6600981,127.93
Memory Crucial 6600271,24.79
Memory Crucial 6601108,87.12
Memory Ballistix 6600938,137.69
Memory Zeppelin 6600857,43.24
Memory Hyperx 6600804,50.45
Memory Zeppelin 6600485,16.86
Memory Adata 6600762,757.51
Memory Kingston 6600909,102.71
Memory Hyperx 6600655,40.6
Memory Patriot 6601103,81.86
Memory Patriot 6601104,92.41
Memory Kingston 6601038,101.16
Memory Adata 6600761,184.22
Memory Geil 6600876,21.85
Memory Hyperx 6600724,115.58
Memory Geil 6600378,41.34
Memory Kingston 6601031,49.49
Memory Transcend 6601097,79.54
Memory Hyperx 6600717,256.15
Skirt Conceptclub 61900011,20.59
Skirt Conceptclub 61900001,29.6
Skirt Conceptclub 61900007,40.93
Skirt Conceptclub 61900015,20.59
Skirt Omero 100004922,139.0
Skirt Conceptclub 61900011,20.59
Skirt Conceptclub 61900008,40.93
Skirt Weekend 100004466,324.33
Skirt Conceptclub 61900024,38.35
Skirt Conceptclub 61900010,20.59
Skirt Weekend 100004466,324.33
Skirt Conceptclub 61900024,38.35
Skirt Weekend 100004380,195.63
Skirt Conceptclub 61900024,38.35
Skirt Conceptclub 61900025,27.03
Skirt Conceptclub 61900004,29.6
Skirt Conceptclub 61900023,38.35
Skirt Conceptclub 61900026,27.03
Skirt Conceptclub 61900019,34.24
Skirt Conceptclub 61900015,20.59
Scales Elenberg 11200364,12.84
Scales Xiaomi 11200505,20.05
Scales Unit 11100269,11.81
Scales Redmond 11100215,33.44
Scales Elenberg 11200239,7.7
Scales Xiaomi 11200511,27.06
Scales Vitek 11100191,12.61
Scales Xiaomi 11200192,43.76
Scales Xiaomi 11200192,43.76
Scales Elenberg 11200384,11.56
Scales Redmond 11100164,43.73
Scales Xiaomi 11200505,19.69
Scales Xiaomi 11200121,32.69
Scales Unit 11200434,12.07
Scales Agu 11200354,92.64
Scales Xiaomi 11200192,43.76
Scales Xiaomi 11200192,43.76
Scales Scarlett 11200166,7.7
Scales Saturn 11100023,12.73
Scales Elenberg 11200239,7.7
Ballet_shoes Betsy 28719808,43.99
Ballet_shoes Greyder 28704790,38.61
Ballet_shoes Respect 28716660,31.92
Ballet_shoes Respect 28707875,19.31
Ballet_shoes Respect 28709074,28.83
Ballet_shoes Respect 28707283,26.77
Ballet_shoes Garvalin 45602180,30.63
Ballet_shoes Respect 28705099,28.06
Ballet_shoes Caprice 28715730,50.19
Ballet_shoes Respect 28708568,23.17
Ballet_shoes Respect 28704940,38.35
Ballet_shoes Greyder 28704790,38.61
Ballet_shoes Respect 28709935,33.21
Ballet_shoes Caprice 28715730,50.19
Ballet_shoes Caprice 28713989,42.47
Ballet_shoes Respect 28705522,28.83
Ballet_shoes Respect 28716660,31.92
Ballet_shoes Caprice 28715730,50.19
Ballet_shoes Respect 28704941,38.35
Ballet_shoes Respect 28705522,28.83
Microphone M-audio 22400121,127.39
Microphone Pro-karaoke 22400250,231.67
Microphone Beyerdynamic 22400161,211.07
Microphone Kingston 22400163,136.4
Microphone Shure 2240071,856.65
Microphone Alctron 22400236,149.3
Microphone Stagg 22400096,90.09
Microphone Wster 22400103,36.42
Microphone Trust 22400054,15.16
Microphone Wster 22400107,35.72
Microphone Shure 2240113,1372.75
Microphone Kingston 22400163,146.46
Microphone Shure 2240103,378.65
Microphone Laudio 2240107,92.67
Microphone Ritmix 22400111,3.58
Microphone Wster 22400107,35.78
Microphone M-audio 22400121,127.39
Microphone Stagg 2240019,141.57
Microphone Peavey 22400114,32.66
Microphone Stagg 22400092,22.91
Shirt Conceptclub 62000040,27.54
Shirt Dion 39800120,29.6
Shirt Conceptclub 62000008,27.03
Shirt Conceptclub 62000041,26.26
Shirt Conceptclub 62000041,26.26
Shirt Weekend 100008155,355.22
Shirt Conceptclub 62000016,23.68
Shirt Conceptclub 62000041,26.26
Shirt Harley-davidson 39800225,128.7
Shirt Conceptclub 62000013,27.03
Shirt Jordan 57300037,102.71
Shirt Conceptclub 62000013,27.03
Shirt Harley-davidson 39800227,144.15
Shirt Dion 39800030,29.6
Shirt Noppies 100023485,33.46
Shirt Conceptclub 62000007,23.68
Shirt Conceptclub 62000014,27.03
Shirt Dion 39800126,29.6
Shirt Dion 39800124,29.6
Shirt Conceptclub 62000005,23.68
Jumper Conceptclub 56300095,25.48
Jumper Conceptclub 56300178,17.76
Jumper Conceptclub 56300129,19.31
Jumper Conceptclub 56300154,19.31
Jumper Didistyle 56300001,38.61
Jumper Conceptclub 56300110,32.43
Jumper Conceptclub 56300093,22.91
Jumper Conceptclub 56300088,22.91
Jumper Conceptclub 56300096,25.48
Jumper Conceptclub 56300116,19.31
Jumper Conceptclub 56300085,25.48
Jumper Didistyle 56300005,38.61
Jumper Conceptclub 56300050,21.11
Jumper Didistyle 56300004,38.61
Jumper Conceptclub 56300079,27.54
Jumper Conceptclub 56300129,19.31
Jumper Conceptclub 56300104,23.68
Jumper Conceptclub 56300179,17.76
Jumper Conceptclub 56300077,30.63
Jumper Conceptclub 56300043,22.91
Jeans Conceptclub 44400243,38.35
Jeans Conceptclub 44400256,35.78
Jeans Conceptclub 44400237,35.78
Jeans Noppies 44400192,54.06
Jeans Conceptclub 44400218,33.21
Jeans Noppies 44400209,87.52
Jeans Noppies 44400210,50.19
Jeans Conceptclub 44400220,33.21
Jeans Conceptclub 44400221,33.21
Jeans Conceptclub 44400239,35.78
Jeans Noppies 44400195,48.91
Jeans Conceptclub 44400215,33.21
Jeans Conceptclub 44400253,33.21
Jeans Conceptclub 44400243,38.35
Jeans Conceptclub 44400215,33.21
Jeans Conceptclub 44400217,33.21
Jeans Conceptclub 44400223,33.21
Jeans Conceptclub 44400243,38.35
Jeans Noppies 44400199,48.91
Jeans Conceptclub 44400226,34.75
Video Xiaomi 2300262,128.68
Video Panasonic 2300203,2434.85
Video Gopro 2300331,669.23
Video Sjcam 2300234,76.76
Video Gopro 2300294,437.33
Video Panasonic 2300203,2434.85
Video Dji 2300314,404.1
Video Sjcam 2300255,115.81
Video Acme 2300192,46.08
Video Sony 2300225,1055.11
Video Sony 2300218,451.15
Video Sjcam 2300243,115.29
Video Acme 2300192,46.08
Video Gopro 2300296,308.63
Video Sony 2300225,1055.11
Video Sony 2300219,514.56
Video Sony 2300201,205.41
Video Gopro 2300295,231.41
Video Gopro 2300295,231.41
Video Gopro 2300296,270.79
Tonometer Omron 25800026,38.59
Tonometer Csmedica 25800033,30.56
Tonometer Omron 25800007,49.81
Tonometer Omron 25800007,49.81
Tonometer Omron 25800006,66.39
Tonometer Omron 25800001,26.9
Tonometer Omron 25800007,40.93
Tonometer Omron 25800007,50.19
Tonometer Omron 25800006,66.64
Tonometer Omron 25800007,48.65
Tonometer Omron 25800007,40.93
Tonometer Omron 25800007,47.08
Tonometer Omron 25800007,50.69
Tonometer Omron 25800025,46.1
Tonometer Omron 25800001,26.9
Tonometer Omron 25800007,50.82
Tonometer Omron 25800007,50.69
Tonometer Omron 25800007,48.88
Tonometer Omron 25800006,67.18
Tonometer Omron 25800025,38.27
Projector Epson 9900411,411.59
Projector Optoma 9900415,553.14
Projector Epson 9900148,434.5
Projector Viewsonic 9900137,448.19
Projector Vivitek 9900168,469.23
Projector Byintek 9900444,132.04
Projector Epson 9900152,900.61
Projector Xiaomi 9900399,2033.51
Projector Epson 9900151,902.93
Projector Epson 9900411,411.59
Projector Epson 9900147,406.45
Projector Epson 9900160,488.82
Projector Xgimi 9900418,991.79
Projector Viewsonic 9900139,318.99
Projector Xgimi 9900418,1152.38
Projector Byintek 9900454,293.35
Projector Viewsonic 9900236,1570.45
Projector Cinemood 9900249,406.7
Projector Epson 9900147,406.44
Projector Epson 9900147,406.45
Compressor Xiaomi 22600081,79.8
Compressor Magnetta 50600011,123.55
Compressor Alca 22600069,45.05
Compressor Xiaomi 22600081,79.8
Compressor Magnetta 50600043,333.19
Compressor Magnetta 50600054,304.57
Compressor Laston 50600098,134.44
Compressor Magnetta 50600011,120.95
Compressor Berkut 22600003,200.01
Compressor Alca 22600069,45.05
Compressor Tpmaster 22600075,20.59
Compressor Berkut 22600001,82.89
Compressor Heyner 22600071,51.48
Compressor Tpmaster 22600075,20.59
Compressor Denzel 50600024,174.38
Compressor Berkut 22600003,200.78
Compressor Magnetta 50600010,107.02
Compressor Denzel 50600034,272.16
Compressor Chameleon 22600013,36.04
Compressor Magnetta 50600010,95.24
Sandals Rieker 28711520,34.49
Sandals Greyder 28713819,48.91
Sandals Respect 28710120,37.07
Sandals Minimen 45601643,40.16
Sandals Respect 28708003,22.91
Sandals Respect 28705127,20.85
Sandals Respect 28705126,20.85
Sandals Agatharuizdelaprada 45602150,24.45
Sandals Spur 28701241,24.2
Sandals Spur 28708376,25.74
Sandals Garvalin 45602639,38.87
Sandals Respect 28710240,31.92
Sandals Pablosky 45601978,42.21
Sandals Tuffoni 28711589,55.34
Sandals Respect 28707505,22.91
Sandals Respect 28705168,37.07
Sandals Rieker 28709192,33.21
Sandals Rieker 28707883,37.07
Sandals Respect 28708182,15.19
Sandals Garvalin 45602636,31.66
Trainer Housefit 26900009,383.53
Trainer Housefit 26900017,203.35
Trainer Housefit 26900008,254.83
Trainer Sportelite 100006602,483.92
Trainer Domyos 26900095,180.42
Trainer Sportelite 26900092,288.27
Trainer Housefit 26900009,383.53
Trainer Housefit 26900008,254.83
Trainer Housefit 27000002,512.24
Trainer Sportelite 100006632,297.3
Trainer Domyos 26900073,148.24
Trainer Sportelite 26900087,140.29
Trainer Housefit 26900017,203.35
Trainer Bodysculpture 100004506,183.53
Trainer Fitlux 26900036,522.54
Trainer Housefit 26900028,398.98
Trainer Bodysculpture 26900083,231.41
Trainer Housefit 26900024,496.79
Trainer Sportelite 100008040,191.9
Trainer Sportelite 26900092,288.27
Cultivator Huter 30500002,320.19
Cultivator Carver 30500017,321.76
Cultivator Huter 30500009,211.56
Cultivator Huter 30500000,255.48
Cultivator Hyundai 30500022,440.17
Cultivator Huter 30500002,320.19
Cultivator Hyundai 30500028,288.62
Cultivator Huter 30500002,320.19
Cultivator Huter 30500001,308.89
Cultivator Huter 30500001,308.89
Cultivator Huter 30500003,351.33
Cultivator Daewoo 30500025,353.76
Cultivator Huter 30500002,320.19
Cultivator Huter 30500000,255.35
Cultivator Huter 30500009,211.56
Cultivator Huter 30500001,308.63
Cultivator Huter 30500023,126.36
Cultivator Hyundai 30500022,440.17
Cultivator Huter 30500000,255.48
Cultivator Hyundai 30500022,440.17
Step_ins Nike 28720347,29.6
Step_ins Greyder 28713851,43.76
Step_ins Greyder 28713848,43.76
Step_ins Nike 28720349,29.6
Step_ins Nike 28720348,29.6
Step_ins Greyder 28713842,30.89
Step_ins Rieker 28705768,30.63
Step_ins Greyder 28713835,30.89
Step_ins Nike 28720348,29.6
Step_ins Nike 28720346,29.6
Step_ins Nike 28720346,29.6
Step_ins Greyder 28713848,43.76
Step_ins Rieker 28705768,30.63
Step_ins Greyder 28713834,30.89
Step_ins Greyder 28713848,43.76
Step_ins Nike 28720348,29.6
Step_ins Greyder 28713848,43.76
Step_ins Rieker 28708846,30.63
Step_ins Rieker 28705768,30.63
Step_ins Greyder 28713835,43.76
Bath Triton 13600008,144.23
Bath Triton 13600291,309.44
Bath Antika 13600021,88.03
Bath Cersanit 13600321,200.24
Bath Cersanit 100003885,146.9
Bath Antika 13600021,86.12
Bath Antika 13600022,111.91
Bath Cersanit 13600068,111.46
Bath Whitewave 100004128,71.98
Bath Cersanit 13600068,111.46
Bath Roca 13600498,233.83
Bath Triton 13600510,236.9
Bath Santek 13600138,275.01
Bath Triton 13600041,313.74
Bath Cersanit 13600058,153.29
Bath Cersanit 100003885,146.9
Bath Triton 13600011,106.47
Bath Cersanit 13600068,111.46
Bath Estap 13600239,217.45
Bath Cersanit 13600088,197.17
Faucet Decoroom 13900075,17.6
Faucet Grohe 13901327,89.99
Faucet Teorema 13903118,96.89
Faucet Rubineta 13900057,21.75
Faucet Iddis 13900425,102.23
Faucet Decoroom 13900092,33.89
Faucet Decoroom 13900096,26.54
Faucet Decoroom 13902420,44.73
Faucet Rossinka 13900369,43.22
Faucet Grohe 13901965,99.87
Faucet Lemark 13901817,105.1
Faucet Rossinka 13900379,36.63
Faucet Teorema 13903126,429.42
Faucet Rubineta 13900554,69.5
Faucet Decoroom 13900055,20.46
Faucet Iddis 13900561,300.95
Faucet Calorie 13903083,34.93
Faucet Lemark 13901450,147.01
Faucet Smeg 13902487,315.65
Faucet Calorie 13900774,41.05
Light Xiaomi 47500007,54.06
Light Mantra 25100029,31.78
Light Philips 42900015,16.78
Light Xiaomi 47500007,54.06
Light Metabo 42900018,283.04
Light Xiaomi 25100340,90.07
Light Xiaomi 47500000,63.24
Light Xiaomi 25100316,128.42
Light Rombica 47500041,28.8
Light Ansmann 47500002,5.15
Light Puckator 47500030,20.59
Light Xiaomi 47500008,15.37
Light Philips 42900015,18.5
Light Puckator 47500011,20.59
Light Puckator 47500018,20.59
Light Puckator 47500030,20.59
Light Rombica 47500041,28.8
Light Eco 25100298,12.59
Light Mantra 25100024,102.03
Light Ikea 100012868,140.19
Trousers Weekend 55700134,211.07
Trousers Jordan 39900037,87.49
Trousers Conceptclub 55700155,27.03
Trousers Conceptclub 55700155,27.03
Trousers Daneildesch 39900065,45.05
Trousers Daneildesch 39900065,45.05
Trousers Conceptclub 55700145,40.93
Trousers Daneildesch 39900065,45.05
Trousers Conceptclub 55700154,27.03
Trousers Daneildesch 39900063,42.47
Trousers Nike 39900044,61.75
Trousers Nike 39900030,77.2
Trousers Conceptclub 55700152,27.03
Trousers Daneildesch 39900061,42.47
Trousers Conceptclub 55700152,27.03
Trousers Daneildesch 39900061,42.47
Trousers Weekend 55700111,455.61
Trousers Jordan 39900042,60.23
Trousers Conceptclub 55700149,27.03
Trousers Puma 100001549,44.51
Tennis Head 44800193,64.09
Tennis Head 44800125,170.92
Tennis Babolat 44800018,40.93
Tennis Joerex 40400045,5.92
Tennis Wilson 44800048,164.48
Tennis Stiga 40400046,55.34
Tennis Fly 44800039,25.48
Tennis Head 44800136,64.09
Tennis Doublefish 40400027,13.6
Tennis Stiga 40400046,55.34
Tennis Head 44800081,64.09
Tennis Babolat 44800012,164.48
Tennis Stiga 40400046,55.34
Tennis Startline 40400047,52.87
Tennis Wilson 44800062,179.93
Tennis Head 44800069,64.09
Tennis Stiga 40400046,55.34
Tennis Head 44800157,257.15
Tennis Doublefish 40400027,13.6
Tennis Stiga 40400046,55.34
Soldering Zubr 100008792,6.95
Soldering Zubr 100009695,21.36
Soldering Zubr 100008738,14.93
Soldering Zubr 100008738,14.93
Soldering Zubr 100008738,14.93
Soldering Zubr 100009695,21.36
Soldering Zubr 100009695,21.36
Soldering Zubr 100008738,14.93
Soldering Stayer 100009501,14.16
Soldering Zubr 100008768,10.55
Soldering Zubr 100008792,6.95
Soldering Stayer 100008759,11.07
Soldering Stayer 100009799,10.3
Soldering Zubr 100009695,21.36
Soldering Zubr 100009695,21.36
Soldering Zubr 100008792,6.95
Soldering Zubr 100012623,64.03
Soldering Stayer 100009501,14.16
Soldering Zubr 100008738,14.93
Soldering Stayer 100012707,15.13
Light Mantra 25000443,353.23
Light Elitebohemia 100009645,738.36
Light Lifedeco 25001577,61.75
Light Lidonet 25001683,9.27
Light Lidonet 25001075,37.32
Light Lidonet 25001057,17.99
Light Lidonet 25001057,17.99
Light Lidonet 25001613,27.03
Light Bohemia 100009623,81.97
Light Bohemia 100009623,81.97
Light Lidonet 25001602,64.33
Light Mantra 25000439,270.09
Light Lidonet 25001615,59.18
Light Herman 25001304,493.08
Light Ikea 100012952,58.4
Light Preciosa 25001522,511.3
Light Lidonet 25001033,16.73
Light Ikea 100018644,93.45
Light Mantra 25000449,553.51
Light Illumico 25000582,86.8
Ski Elan 20500420,244.28
Ski Dynastar 100004597,342.09
Ski Elan 20500556,161.91
Ski Elan 20500291,218.54
Ski Elan 20500252,118.15
Ski Elan 20500420,244.28
Ski Elan 20500299,347.24
Ski Elan 20500291,218.54
Ski Atomic 20500601,360.11
Ski Elan 20500303,437.33
Ski Elan 20500281,125.87
Ski Atomic 100009864,383.28
Ski Anon 21500028,43.54
Ski Volkl 20500562,270.02
Ski Julbo 100006652,149.04
Ski Elan 20500517,161.91
Ski Maak 20500640,41.19
Ski Elan 20500644,282.89
Ski Elan 20500217,295.76
Ski Elan 20500289,218.54
Slipons Rieker 28705942,37.07
Slipons Respect 28708933,51.22
Slipons Respect 28707241,22.91
Slipons Greyder 28714174,66.93
Slipons Rieker 28706696,35.78
Slipons Spur 28711421,28.83
Slipons Rieker 28705713,71.82
Slipons Rieker 28706695,35.78
Slipons Rieker 28705907,35.78
Slipons Rieker 28704982,42.21
Slipons Respect 28703068,22.91
Slipons Spur 28711419,28.83
Slipons Nexpero 28710376,16.99
Slipons Tamaris 28710797,13.9
Slipons Greyder 28714183,66.93
Slipons Nexpero 28705868,28.06
Slipons Rieker 28710806,38.35
Slipons Respect 28706420,22.91
Slipons Rieker 28704984,42.21
Slipons Nexpero 28708049,16.99
Umbrella Xiaomi 29700027,25.48
Umbrella Fabretti 29700025,17.76
Umbrella Fabretti 29700010,17.76
Umbrella Fabretti 29700001,17.76
Umbrella Fabretti 29700024,17.76
Umbrella Xiaomi 29700027,25.48
Umbrella Xiaomi 29700027,25.48
Umbrella Fabretti 29700005,17.76
Umbrella Fabretti 29700001,17.76
Umbrella Hoco 29700028,25.71
Umbrella Fabretti 29700013,17.76
Umbrella Xiaomi 29700027,25.48
Umbrella Fabretti 29700010,17.76
Umbrella Hoco 29700028,25.71
Umbrella Fabretti 29700035,17.76
Umbrella Fabretti 29700017,17.76
Umbrella Fabretti 29700002,17.76
Umbrella Fabretti 29700035,17.76
Umbrella Fabretti 29700011,17.76
Umbrella Fabretti 29700037,17.76
Fan Tefal 8600134,120.96
Fan Tefal 8600094,69.47
Fan Cata 8600204,30.96
Fan Elenberg 8600044,12.84
Fan Polaris 8600188,51.46
Fan Willmark 8600175,15.42
Fan Tefal 8600156,55.32
Fan Polaris 8600163,38.53
Fan Cata 8600204,30.96
Fan Milwaukee 8600234,233.81
Fan Elenberg 8600036,7.7
Fan Cata 8600204,30.96
Fan Polaris 8600192,47.34
Fan Polaris 8600163,51.46
Fan Cata 8600204,30.96
Fan Polaris 8600135,16.22
Fan Elenberg 8600036,7.7
Fan Willmark 8600175,14.93
Fan Elenberg 8600076,11.56
Fan Cata 8600204,30.96
Anti_freeze Wurth 55500000,25.74
Anti_freeze Ravenol 100004367,30.12
Anti_freeze Wurth 55500002,5.92
Anti_freeze Wurth 55500003,5.15
Anti_freeze Wurth 55500000,25.74
Anti_freeze Wurth 55500003,5.15
Anti_freeze Wurth 55500001,23.04
Anti_freeze Ravenol 100004437,15.96
Anti_freeze Wurth 55500002,5.92
Anti_freeze Wurth 55500001,23.04
Anti_freeze Wurth 55500000,25.74
Anti_freeze Wurth 55500003,5.15
Anti_freeze Wurth 55500001,23.04
Anti_freeze Wurth 55500001,23.04
Anti_freeze Wurth 55500000,25.74
Anti_freeze Wurth 55500001,23.04
Anti_freeze Wurth 55500000,25.74
Anti_freeze Wurth 55500000,25.74
Anti_freeze Ravenol 100004352,16.99
Anti_freeze Wurth 55500000,25.74
Winch T-max 42700014,300.91
Winch T-max 42700005,581.22
Winch Denzel 42700003,617.22
Winch Denzel 42700018,495.91
Winch Denzel 42700003,617.22
Winch Denzel 42700018,495.91
Winch Denzel 42700003,617.22
Winch T-max 42700008,500.91
Winch T-max 42700007,984.84
Winch T-max 42700017,274.65
Winch T-max 42700009,645.83
Winch T-max 42700004,562.43
Winch Denzel 42700018,495.91
Winch T-max 42700006,647.12
Winch T-max 42700017,274.65
Winch T-max 42700009,645.83
Winch T-max 42700011,384.57
Winch Denzel 42700018,495.91
Winch T-max 42700017,274.65
Winch T-max 42700017,274.65
Moccasins Etor 28719804,100.39
Moccasins Greyder 28713804,66.93
Moccasins Pablosky 45601771,36.55
Moccasins Rooman 28708270,34.49
Moccasins Etor 28704495,84.94
Moccasins Etor 28704499,84.94
Moccasins Spur 28710243,37.07
Moccasins Etor 28718569,100.39
Moccasins Etor 28704512,92.67
Moccasins Greyder 28714170,64.35
Moccasins Etor 28718570,100.39
Moccasins Respect 28716220,64.61
Moccasins Etor 28714219,100.39
Moccasins Spur 28707516,21.62
Moccasins Spur 28710243,37.07
Moccasins Etor 28718570,100.39
Moccasins Etor 28714219,100.39
Moccasins Spur 28708451,20.85
Moccasins Etor 28704503,92.67
Moccasins Caprice 28714096,55.34
Espadrilles Spur 28701858,16.99
Espadrilles Spur 28701858,16.99
Espadrilles Spur 28701858,16.99
Espadrilles Spur 28701858,16.99
Espadrilles Rieker 28706659,22.65
Espadrilles Rieker 28706661,22.65
Espadrilles Rieker 28706660,22.65
Espadrilles Rieker 28706661,22.65
Espadrilles Rieker 28706659,22.65
Espadrilles Rieker 28706658,22.65
Espadrilles Spur 28701859,16.99
Espadrilles Rieker 28706661,22.65
Espadrilles Rieker 28706662,22.65
Espadrilles Rieker 28706662,22.65
Espadrilles Rieker 28706660,22.65
Espadrilles Rieker 28706659,22.65
Espadrilles Rieker 28706663,22.65
Espadrilles Rieker 28706659,22.65
Espadrilles Rieker 28706663,22.65
Espadrilles Rieker 28706661,22.65
Scarf Fabretti 29600013,25.48
Scarf Fabretti 29600039,17.76
Scarf Fabretti 29600012,25.48
Scarf Fabretti 29600005,25.48
Scarf Fabretti 29600040,17.76
Scarf Fabretti 29600014,25.48
Scarf Fabretti 29600022,25.48
Scarf Fabretti 29600010,25.48
Scarf Fabretti 29600026,25.48
Scarf Fabretti 29600025,25.48
Scarf Fabretti 29600008,25.48
Scarf Fabretti 29600023,25.48
Scarf Fabretti 29600003,25.48
Scarf Fabretti 29600027,17.76
Scarf Fabretti 29600023,25.48
Scarf Fabretti 29600013,25.48
Scarf Fabretti 29600042,25.48
Scarf Fabretti 29600011,25.48
Scarf Fabretti 29600001,25.48
Scarf Fabretti 29600016,12.61
Camera Defender 9500006,6.49
Camera Logitech 9500145,179.15
Camera Logitech 9000118,24.18
Camera Logitech 9500140,156.99
Camera Huawei 9500129,51.46
Camera Logitech 9000138,60.88
Camera Logitech 9500040,137.69
Camera Ritmix 9500126,7.08
Camera Logitech 9500139,709.67
Camera Logitech 9000119,35.42
Camera Logitech 9000118,24.18
Camera Logitech 9500040,120.72
Camera Logitech 9500111,169.12
Camera Logitech 9000118,24.18
Camera Logitech 9500139,709.67
Camera Logitech 9500145,179.15
Camera Huawei 9500129,51.46
Camera Logitech 9000118,24.18
Camera Logitech 9000138,62.55
Camera Logitech 9500042,77.2
Sock Bumbleride 8400241,93.26
Sock Chicco 8400237,35.78
Sock Bumbleride 8400241,93.26
Sock Chicco 8400237,35.78
Sock Chicco 8400237,33.21
Sock Egg 8400185,209.27
Sock Chicco 8400217,35.78
Sock Chicco 8400217,35.78
Sock Chicco 8400237,33.21
Sock Chicco 8400237,33.21
Sock Chicco 8400237,33.21
Sock Egg 8400181,209.27
Sock Chicco 8400237,33.21
Sock Joie 8400164,92.41
Sock Chicco 8400217,35.78
Sock Joie 8400187,92.41
Sock Joie 8400225,92.41
Sock Chicco 8400217,35.78
Sock Chicco 8400237,33.21
Sock Cybex 8400244,525.11
Belt Bond 28500087,23.17
Belt Bond 28500087,23.17
Belt Bond 28500083,23.17
Belt Petek 28500099,52.51
Belt Bond 28500083,23.17
Belt Petek 28500037,52.51
Belt Bond 28500082,23.17
Belt Bond 28500087,23.17
Belt Bond 28500083,23.17
Belt Bond 28500083,23.17
Belt Bond 28500087,23.17
Belt Tonybellucci 28500095,25.74
Belt Petek 28500099,52.51
Belt Tonybellucci 28500089,25.74
Belt Petek 28500099,52.51
Belt Bond 28500086,23.17
Belt Bond 28500085,23.17
Belt Petek 28500038,55.6
Belt Bond 28500086,23.17
Belt Petek 28500099,52.51
Hammok Ventara 33700007,227.92
Hammok Ventara 33700007,227.99
Hammok Palisad 33700006,25.1
Hammok Ventara 33700007,227.94
Hammok Palisad 33700006,25.1
Hammok Ventara 33700007,227.96
Hammok Palisad 33700006,25.1
Hammok Palisad 33700006,25.1
Hammok Palisad 33700006,25.1
Hammok Palisad 33700006,25.1
Hammok Ventara 33700007,227.92
Hammok Palisad 33700006,25.1
Hammok Ventara 33700007,227.95
Hammok Palisad 33700006,25.1
Hammok Palisad 33700006,25.1
Hammok Palisad 33700006,25.1
Hammok Palisad 33700006,25.1
Hammok Ventara 33700007,227.92
Hammok Ventara 33700007,227.92
Hammok Ventara 33700007,227.92
Fryer Clatronic 100027045,46.31
Fryer Clatronic 100027045,46.31
Fryer Clatronic 100027045,46.31
Fryer Clatronic 100027045,46.31
Fryer Clatronic 100027045,46.31
Fryer Clatronic 100027045,46.31
Fryer Clatronic 100027045,46.31
Fryer Clatronic 100027045,46.31
Shorts Crockid 37600068,3.86
Shorts Carters 37600032,16.09
Shorts Crockid 37600052,4.12
Shorts Carters 37600032,16.09
Shorts Carters 37600032,16.09
Shorts Crockid 37600059,3.99
Shorts Carters 37600026,24.32
Shorts Crockid 37600049,3.73
Shorts Crockid 37600060,3.99
Shorts Crockid 37600054,3.86
Shorts Crockid 37600061,4.38
Shorts Noppies 37600087,10.55
Shorts Crockid 37600047,3.73
Shorts Carters 37600026,24.32
Shorts Carters 37600031,16.09
Shorts Noppies 37600099,10.81
Shorts Crockid 37600047,3.73
Shorts Carters 37600026,24.32
Shorts Crockid 37600070,3.86
Shorts Crockid 37600052,4.12
Screw Blackdecker 100026938,46.7
Screw Kolner 100026912,12.56
Screw Bosch 100026889,48.64
Screw Blackdecker 100026945,29.5
Screw Blackdecker 100026909,15.28
Screw Kolner 100026951,11.07
Screw Blackdecker 100026936,62.27
Screw Blackdecker 100026909,15.28
Screw Bosch 100026889,48.64
Screw Kolner 100026912,12.56
Screw Bosch 100026889,48.64
Screw Blackdecker 100025431,43.07
Screw Kolner 100026951,11.07
Screw Blackdecker 100026909,15.28
Screw Blackdecker 100026936,62.27
Screw Blackdecker 100026945,29.5
Screw Bosch 100026889,48.64
Screw Blackdecker 100025431,43.07
Screw Bosch 100026889,48.64
Screw Bosch 100026889,48.64
Jacket Sly 47600010,43.23
